cpi,loadScore,performanceScore,efficiencyScore,trend,compliance,weeklySessions,avgDuration,fatigueIndex,stressScore,recoveryScore,label
64.76,73.7,91.95,70.2,improving,88.6,6,3443.1,21.96,442.19,158.8,optimal
31.84,29.66,44.2,32.34,stable,36.06,2,1008.7,20.07,59.32,68.4,undertraining
30.37,10,25.62,45.9,stable,34.54,2,300,5.41,20,80.44,undertraining
64.34,65.11,80.43,81.16,improving,83.36,5,2988.4,14,325.53,164.52,optimal
61.01,72.38,79.3,71.34,improving,70,5,2811.6,20.75,361.91,141.34,optimal
61.13,71.36,77.19,76.52,improving,74.98,5,2683.3,16.76,356.82,151.5,optimal
61.25,73.47,78.05,80.55,improving,75.56,5,2728.6,14.29,367.34,156.12,optimal
26.31,89.39,39.47,27.39,declining,64.53,7,5210.9,64.91,625.74,91.92,overtraining
26.38,88.37,30.04,33.72,declining,75.2,5,4329.9,58.57,441.83,108.92,overtraining
62.84,64.12,73.97,76.49,improving,99.22,6,3607.5,15.07,384.71,175.72,optimal
60,70.19,70.64,62.55,improving,74.15,5,3317.7,26.28,350.97,136.71,optimal
27.64,85.61,24.81,42.11,declining,67.94,7,4938.6,49.56,599.3,110.05,overtraining
31.8,97.08,39.2,46.65,declining,70.34,6,3086.0,51.8,582.47,116.98,overtraining
26.13,93.44,25.27,44.47,declining,73.12,5,5572.8,51.89,467.19,117.59,overtraining
27.67,94.13,35.38,35.58,declining,68.42,5,4160.0,60.64,470.66,104.0,overtraining
62.03,75.64,82.26,75.32,stable,78.44,5,3140.9,18.67,378.2,153.76,optimal
32.26,35.32,32.92,42.16,declining,54.44,2,705.2,20.43,70.63,96.6,undertraining
36.62,17.35,35.16,52.6,stable,43.31,2,1101.4,8.23,34.71,95.91,undertraining
25.95,96.07,40.18,23.19,stable,73.19,6,3164.8,73.79,576.4,96.38,overtraining
61.44,65.2,68.76,75.78,improving,93.72,5,3367.9,15.79,326.01,169.51,optimal
61.23,75.35,82.15,73.11,stable,74.4,4,3015.5,20.26,301.41,147.51,optimal
60,71.72,63,80.66,stable,73.68,6,3244.7,14,430.34,154.34,optimal
25.81,85.63,27.27,34.97,declining,78.46,6,3984.6,55.68,513.76,113.43,overtraining
65.75,68.4,89.4,67.37,improving,92.84,5,3923.7,22.32,341.98,160.2,optimal
24.82,91.66,26.04,35.08,declining,60.19,7,3735.7,59.51,641.6,95.27,overtraining
28.56,25.82,35.76,30.4,declining,35.22,2,300,17.97,51.63,65.62,undertraining
65.91,65.05,80.83,82.2,improving,83.92,6,3226.1,14,390.32,166.12,optimal
32.3,42.74,30.68,47.86,declining,53.75,2,772.3,22.29,85.48,101.61,undertraining
67.98,72.44,95,74.87,improving,87.84,4,2728.0,18.2,289.77,162.72,optimal
34.14,44.82,45.0,50.53,improving,38.69,3,1475.7,22.17,134.45,89.22,undertraining
64.15,62.38,75.28,81.68,stable,84.11,6,3595.6,14,374.29,165.79,optimal
28.78,95.57,46.58,27.67,declining,76.2,7,4195.4,69.12,668.96,103.87,overtraining
28.05,85.92,41.76,19.31,declining,75.41,6,4124.0,69.33,515.5,94.72,overtraining
27.82,85,36.01,32.28,declining,67.99,7,3806.5,57.56,595,100.27,overtraining
28.71,89.06,41.74,39.56,declining,54.2,7,3552.6,53.83,623.39,93.76,overtraining
63.26,80,81.58,77.84,stable,82.29,4,2710.9,17.73,320,160.13,optimal
63.74,73.12,79.89,80.76,stable,85.25,6,3472.6,14.07,438.73,166.01,optimal
29.06,85.86,31.12,47.74,declining,50.85,5,4786.5,44.87,429.29,98.59,overtraining
68.17,77.66,95,88.41,improving,78.46,5,2722.8,14,388.29,166.87,optimal
24.43,93.02,36.53,27.98,declining,66.36,7,4290.4,66.99,651.15,94.35,overtraining
23.74,92.16,40.41,14,declining,76.26,7,4328.6,79.26,645.12,90.26,overtraining
30.1,30.58,34.84,33.61,declining,39.07,2,1669.4,20.3,61.17,72.68,undertraining
64.93,62.56,78.73,76.57,improving,82.03,5,3300.8,14.66,312.79,158.6,optimal
22.29,89.27,20.69,35.15,declining,60.37,5,3930.0,57.89,446.35,95.52,overtraining
38.0,31.33,32.82,62,stable,41.64,2,1047.0,11.91,62.67,103.64,undertraining
62.61,67.8,82.91,72.87,improving,87.88,4,2732.6,18.4,271.19,160.74,optimal
31.02,90.37,44.43,36.61,stable,66.09,6,3258.4,57.28,542.21,102.7,overtraining
65.95,73.85,92.59,74.28,stable,94.1,6,2161.3,19.0,443.11,168.38,optimal
24.46,92.62,30.54,29.42,declining,54.85,6,4517.6,65.37,555.69,84.27,overtraining
32.35,22.72,44.23,36.98,stable,20.22,2,1577.5,14.32,45.44,57.2,undertraining
35.18,37.7,43.24,43.62,declining,60,2,1275.2,21.25,75.39,103.62,undertraining
36.95,18.65,42.96,48.22,declining,30.77,3,639.0,9.66,55.95,78.99,undertraining
26.95,89.9,48.51,25.8,declining,66.9,6,3498.4,66.71,539.43,92.7,overtraining
23.41,96.15,36.15,21.98,declining,73.56,7,4312.1,75.02,673.07,95.54,overtraining
62.92,69.87,75.28,81.97,improving,83.93,5,3124.7,14,349.35,165.9,optimal
26.73,94.7,42.32,24.71,declining,82,5,4996.3,71.3,473.49,106.71,overtraining
29.43,85,31.0,40.96,declining,76.27,6,4694.6,50.19,510,117.22,overtraining
65.0,68.51,80.18,80.91,improving,98.17,5,2626.4,14,342.57,179.08,optimal
63.24,74.32,82.0,78.57,improving,84.7,6,3811.4,15.92,445.94,163.27,optimal
60,73.63,65.15,71.73,improving,84.93,6,3055.8,20.82,441.8,156.66,optimal
28.55,85,35.62,45.64,declining,58.14,6,3995.8,46.21,510,103.78,overtraining
32.01,31.54,38.56,41.27,declining,44.94,2,619.1,18.53,63.09,86.2,undertraining
25.37,94.96,45.4,23.58,declining,64.28,7,5368.4,72.56,664.7,87.86,overtraining
63.17,67.52,83.6,73.18,improving,91.62,6,3323.9,18.11,405.09,164.8,optimal
28.33,85,39.21,33.72,declining,82,5,4356.9,56.33,425,115.72,overtraining
27.67,22.91,20,51.77,stable,21.71,1,1779.5,11.05,22.91,73.48,undertraining
32.66,94.79,50.23,39.45,declining,57.39,5,3782.3,57.4,473.94,96.83,overtraining
29.32,34.58,30.21,36.09,declining,37.54,2,1441.2,22.1,69.16,73.64,undertraining
68.63,62.97,85.1,90.92,improving,80.05,4,3145.7,14,251.87,170.97,optimal
29.94,34.42,27.33,51.54,stable,23.95,1,323.7,16.68,34.42,75.49,undertraining
60,69.78,67.42,66.43,improving,89.77,4,3739.8,23.43,279.12,156.2,optimal
40.68,22.79,47.0,56.66,declining,49.78,3,421.6,9.88,68.37,106.44,undertraining
31.11,93.77,47.19,38.37,declining,56.69,6,4217.3,57.79,562.64,95.06,overtraining
69.3,66.03,91.1,84.8,stable,84.12,6,3416.2,14,396.17,168.92,optimal
27.34,10,30.17,24,declining,35.05,2,1442.3,7.6,20,59.05,undertraining
31.38,29.97,31.15,45.78,stable,49.39,1,1129.6,16.25,29.97,95.17,undertraining
29.28,99.57,29.33,48.92,declining,76.16,6,3339.7,50.86,597.45,125.08,overtraining
18.09,95.13,16,23.24,declining,68.32,6,4499.5,73.02,570.8,91.56,overtraining
60,76.92,67.38,66.29,improving,87.11,5,3008.7,25.93,384.58,153.4,optimal
25.98,88.56,32.26,34.51,stable,57.08,6,4357.5,57.99,531.37,91.59,overtraining
38.19,23.27,37.72,61.17,declining,60,1,553.4,9.04,23.27,118,undertraining
60,79.39,79.29,71.66,stable,74.13,5,2789.4,22.5,396.96,145.8,optimal
67.46,64.22,89.03,79.98,stable,89.95,5,3312.1,14,321.1,169.93,optimal
60.32,61.48,75.05,64.47,improving,97.47,5,3176.5,21.84,307.41,161.94,optimal
29.69,89.16,45.74,32.39,declining,49.38,7,4132.8,60.28,624.09,81.77,overtraining
29.84,96.4,45.49,27.42,declining,81.95,6,4354.2,69.97,578.38,109.37,overtraining
30.7,37.76,37.46,36.67,stable,42.74,2,320.1,23.91,75.52,79.41,undertraining
64.75,62.37,78.64,79.88,stable,82.41,4,3154.2,14,249.49,162.28,optimal
62.5,66.9,81.3,75.93,improving,88.88,6,2677.2,16.1,401.4,164.81,optimal
25.0,97.07,43.72,26.83,declining,65.33,7,5208.7,71.03,679.52,92.16,overtraining
21.97,86.6,29.13,26.85,declining,63.48,6,4479.4,63.35,519.63,90.33,overtraining
33.88,15.87,35.67,37.49,stable,47.6,3,1342.6,9.92,47.6,85.08,undertraining
61.56,71.37,85.89,71.57,improving,77.9,6,3429.1,20.29,428.24,149.47,optimal
26.23,99.23,51.12,25.53,stable,43.1,6,5086.7,73.9,595.4,68.63,overtraining
33.96,32.5,40.93,41.88,declining,46.61,2,548.5,18.89,65.01,88.49,undertraining
60.59,66.23,69.89,79.77,improving,92.21,4,2258.5,14,264.93,171.98,optimal
31.28,10,33.47,31.33,stable,59.85,2,995.1,6.87,20,91.18,undertraining
28.6,39.31,38.79,33.92,stable,31.5,1,755.9,25.98,39.31,65.41,undertraining
26.71,95.29,55.32,15.45,declining,47.99,6,4491.2,80.57,571.72,63.44,overtraining
67.36,73.07,92.84,85.39,improving,87.63,5,3137.4,14,365.33,173.02,optimal
20.45,94.46,41.54,14,declining,49.04,7,4597.6,81.24,661.22,63.04,overtraining
35.6,37.53,37.41,46.68,declining,58.28,3,1800,20.01,112.58,104.96,undertraining
36.06,28.06,48.43,43.37,stable,43.67,1,1201.2,15.89,28.06,87.05,undertraining
66.87,78.38,86.06,88.89,improving,94.88,5,3688.0,14,391.88,183.78,optimal
22.32,90.12,26.45,29.8,declining,58.07,6,4746.6,63.26,540.7,87.87,overtraining
25.04,88.64,38.31,25.15,declining,58.6,7,4618.2,66.35,620.46,83.75,overtraining
61.45,73.76,82.79,72.1,stable,78.39,6,2610.5,20.58,442.58,150.49,optimal
31.75,27.97,28.97,43.23,declining,54.48,2,1259.3,15.88,55.93,97.71,undertraining
31.37,22.65,34.29,32.39,declining,36.26,2,946.9,15.31,45.3,68.65,undertraining
26.46,88.01,31.57,32.27,declining,73.23,5,4392.7,59.61,440.06,105.49,overtraining
24.02,92.47,31.06,34.78,declining,57.18,6,5632.8,60.31,554.79,91.95,overtraining
63.8,75.03,78.29,86.01,improving,78.9,4,3534.7,14,300.13,164.91,optimal
28.21,95.06,41.27,30.56,declining,78.39,5,3889.8,66.01,475.3,108.95,overtraining
63.58,65.9,77.24,87.78,improving,75.68,4,3149.8,14,263.58,163.45,optimal
28.75,29.11,39.7,29.83,declining,45.47,2,687.7,20.43,58.22,75.29,undertraining
60,74.97,72.5,71.78,improving,84.81,5,2464.9,21.16,374.87,156.59,optimal
28.21,91.59,36.24,38.85,declining,66.42,6,4952.4,56.01,549.55,105.27,overtraining
61.0,68.0,69.55,84.11,stable,79.28,5,3359.1,14,340.01,163.4,optimal
21.85,95.7,24.13,29.57,declining,50.41,6,4484.3,67.4,574.18,79.98,overtraining
61.01,65.45,77.95,68.96,improving,82.73,5,2821.4,20.32,327.27,151.69,optimal
37.75,16.49,43.42,50.41,stable,37.44,1,413.2,8.18,16.49,87.85,undertraining
25.4,92.96,33.05,26.03,declining,73.24,7,5292.7,68.76,650.72,99.27,overtraining
63.12,65.86,77.06,76.81,stable,75.97,5,3263.4,15.27,329.29,152.78,optimal
27.99,91.42,29.44,40.14,declining,82,7,4098.5,54.72,639.91,122.14,overtraining
20.59,87.8,16,34.64,declining,46.44,5,4491.3,57.39,439.02,81.08,overtraining
22.38,99.21,37.53,18.75,stable,62.53,7,5468.7,80.61,694.46,81.28,overtraining
60,70.0,84.79,62.59,stable,87.65,5,2422.0,26.19,349.99,150.24,optimal
65.66,60,88.83,72.46,improving,82.33,5,2829.3,16.52,300,154.79,optimal
62.14,67.66,76.97,70.65,stable,90.93,4,2685.6,19.86,270.63,161.58,optimal
23.18,94.58,34.08,21.6,declining,75.79,6,4649.4,74.15,567.5,97.39,overtraining
28.87,89.95,51.26,27.04,declining,55.5,7,4365.1,65.64,629.68,82.53,overtraining
27.75,91.64,55.49,19.87,declining,66.72,6,5166.3,73.44,549.87,86.59,overtraining
61.01,68.33,75.45,75.1,improving,93.47,6,2158.2,17.01,410.0,168.57,optimal
33.16,36.92,38.1,38.0,declining,49.46,3,1096.7,22.89,110.75,87.46,undertraining
65.77,70.0,87.21,78.2,stable,95.97,5,2850.8,15.26,350.02,174.16,optimal
26.86,38.32,27.52,38.1,improving,28.79,2,730.3,23.72,76.64,66.88,undertraining
38.44,26.8,46.97,48.43,declining,41.8,3,896.4,13.82,80.39,90.23,undertraining
29.68,29.77,33.92,32.46,stable,27.92,2,1148.6,20.1,59.53,60.38,undertraining
26.36,98.06,36.08,32.2,declining,70.72,7,5112.1,66.49,686.43,102.92,overtraining
60,65.99,69.8,71.24,improving,78.03,5,3292.2,18.98,329.96,149.26,optimal
63.99,60,76.67,77.03,stable,89.98,6,2778.4,14,360,167.01,optimal
63.76,64.6,80.53,80.81,improving,88.22,5,2498.6,14,323.01,169.03,optimal
20.34,85,21.66,24.87,declining,47.26,6,4542.4,63.86,510,72.13,overtraining
60.96,63.56,73.41,70.97,improving,86.68,4,3270.6,18.45,254.25,157.64,optimal
60.89,80,87.75,69.87,improving,87.28,4,3037.3,24.1,320,157.15,optimal
35.29,31.59,39.01,46.31,stable,60,1,1016.7,16.96,31.59,106.31,undertraining
30.81,85,41.74,43.75,declining,68.82,5,4827.7,47.81,425,112.57,overtraining
24.2,93.93,32.49,23.27,declining,76.9,5,3896.4,72.07,469.66,100.17,overtraining
36.18,29.75,49.12,43.33,improving,34.25,1,1337.7,16.86,29.75,77.59,undertraining
60,79.3,69.47,79.06,improving,76.21,4,2530.0,16.6,317.18,155.27,optimal
26.26,94.76,24.97,42.33,declining,69.02,7,3633.1,54.64,663.3,111.35,overtraining
35.51,32.93,38.11,49.04,stable,47.91,2,1539.4,16.78,65.86,96.95,undertraining
17.93,93.11,26.51,17.4,declining,61.22,7,4445.4,76.91,651.77,78.62,overtraining
61.48,75.66,81.73,78.47,stable,84.32,6,3875.9,16.29,453.93,162.79,optimal
61.45,68.78,86.58,64.21,improving,87.34,4,2237.9,24.62,275.11,151.54,optimal
25.92,94.86,29.42,38.7,declining,69.0,7,3667.0,58.15,664.05,107.7,overtraining
64.62,67.59,80.29,79.82,improving,83.36,4,3410.0,14,270.35,163.17,optimal
62.01,64.11,73.4,76.42,improving,93.28,4,2401.4,15.12,256.46,169.7,optimal
34.23,29.33,42.21,43.44,stable,19.64,1,884.9,16.59,29.33,63.09,undertraining
62.09,79.54,75.22,85.77,improving,77.04,5,3641.1,14,397.71,162.8,optimal
63.21,77.86,83.82,78.94,improving,85.37,6,2855.3,16.4,467.15,164.31,optimal
21.14,90.09,27.58,14,declining,52.36,7,4013.9,77.48,630.63,66.36,overtraining
24.12,87.56,31.24,22.83,declining,68.27,6,3442.4,67.57,525.38,91.11,overtraining
26.66,93.21,36.74,31.44,declining,61.7,7,3767.8,63.9,652.45,93.14,overtraining
29.87,31.5,35.08,33.56,declining,31.68,2,910.0,20.93,62.99,65.24,undertraining
36.18,28.57,36.95,50.98,stable,28.76,3,666.8,14.01,85.72,79.74,undertraining
62.28,69.73,79.37,72.99,stable,75.88,5,2533.1,18.84,348.64,148.87,optimal
27.52,97.78,38.1,44.46,declining,56.26,6,3991.0,54.3,586.69,100.72,overtraining
26.36,93.41,35.39,36.64,declining,42.64,6,4326.7,59.19,560.48,79.28,overtraining
35.1,14.32,45.53,41.45,stable,33.83,2,527.4,8.38,28.63,75.27,undertraining
65.9,69.67,88.36,74.02,improving,95.18,6,3589.1,18.1,418.01,169.2,optimal
60,67.92,70.26,71.65,stable,84.19,5,3374.1,19.25,339.62,155.84,optimal
28.75,99.2,43.86,31.34,declining,64.47,7,4772.1,68.11,694.42,95.81,overtraining
60,70.04,71.33,69.42,stable,74.98,4,3064.0,21.42,280.18,144.4,optimal
64.42,69.9,77.9,83.46,improving,90.28,6,2791.5,14,419.41,173.74,optimal
63.87,79.55,86.0,79.58,improving,70.68,5,2674.2,16.24,397.77,150.27,optimal
35.82,26.28,49.02,41.77,stable,51.05,2,1522.9,15.3,52.57,92.83,undertraining
63.03,61.97,84.08,68.24,stable,88.18,4,3516.4,19.68,247.88,156.42,optimal
24.4,86.61,43.7,21.37,declining,47.78,6,3871.4,68.1,519.67,69.15,overtraining
24.99,89.95,38.61,24.85,declining,67.7,6,4689.4,67.6,539.68,92.55,overtraining
60,80,67.0,74.15,improving,84.1,6,2800.9,20.68,480,158.26,optimal
40.44,19.3,36.92,62,improving,42.37,2,1248.9,7.33,38.6,104.37,undertraining
23.49,94.45,32.53,30.29,declining,45.89,7,4266.1,65.84,661.17,76.18,overtraining
26.21,25.53,32.03,25.55,stable,35.99,2,382.7,19.01,51.06,61.53,undertraining
33.05,19.46,34.84,42.19,improving,30.57,1,902.7,11.25,19.46,72.76,undertraining
37.1,19.31,46.32,49.86,stable,43.88,2,1330.7,9.68,38.62,93.74,undertraining
32.43,20.83,35.09,41.11,declining,40.32,2,858.8,12.26,41.65,81.43,undertraining
60.73,69.28,70.67,80.62,stable,74.76,5,4191.6,14,346.42,155.37,optimal
35.56,38.08,38.65,51.65,stable,32.01,3,1441.1,18.41,114.23,83.66,undertraining
64.47,67.52,90.81,68.77,improving,91.24,5,2672.5,21.08,337.62,160.02,optimal
23.34,89.59,28.07,31.26,declining,58.83,7,3979.6,61.58,627.16,90.1,overtraining
32.44,33.96,35.56,41.45,declining,48.19,2,1135.3,19.88,67.93,89.64,undertraining
61.71,77.12,77.43,82.85,stable,76.13,5,3666.7,14,385.61,158.98,optimal
67.76,62.93,84.85,80.96,improving,85.79,5,3464.7,14,314.66,166.76,optimal
21.5,94.39,41.51,14,declining,57.87,5,3531.4,81.18,471.95,71.87,overtraining
62.35,60,83.02,70.67,improving,77.32,5,3006.5,17.6,300,147.99,optimal
29.62,96.5,46.33,35.75,stable,58.23,7,3861.4,62.0,675.5,93.98,overtraining
33.08,18.82,26.82,49.59,improving,49.88,3,840.8,9.49,56.45,99.47,undertraining
26.97,92.98,39.86,24.78,declining,73.83,6,3272.7,69.94,557.9,98.61,overtraining
30.4,20.35,38.04,37.85,declining,27.87,3,756.8,12.65,61.04,65.71,undertraining
36.17,22.64,41.36,52.03,declining,35.7,3,1062.4,10.86,67.93,87.73,undertraining
63.37,80,84.45,81.46,improving,74.84,6,3412.5,14.84,480,156.3,optimal
29.15,94.58,35.27,42.8,declining,53.81,6,4412.8,54.1,567.45,96.61,overtraining
24.6,95.89,25.77,30.53,declining,82,7,5906.6,66.61,671.2,112.53,overtraining
30.23,88.63,39.44,37.23,stable,79.79,5,3711.1,55.64,443.16,117.01,overtraining
27.49,88.59,37.41,30.21,declining,77.27,7,4483.0,61.83,620.1,107.47,overtraining
39.11,16.09,58,33.62,stable,45.4,3,923.7,10.68,48.27,79.01,undertraining
28.93,93.27,38.32,41.13,declining,58.7,6,4615.4,54.9,559.61,99.84,overtraining
33.11,31.56,41.0,43.48,declining,16,2,1246.6,17.84,63.12,59.48,undertraining
33.97,20.38,32.86,42.96,declining,42.02,2,1233.1,11.63,40.76,84.97,undertraining
35.29,20.89,42.06,36.59,stable,60,1,682.7,13.25,20.89,96.59,undertraining
37.05,85.48,56,41.77,declining,76.09,6,3930.3,49.77,512.85,117.86,overtraining
64.14,74.61,80.75,81.1,improving,91.39,5,2655.6,14.1,373.06,172.49,optimal
29.74,20.84,20,53.72,stable,26.25,1,1200.8,9.64,20.84,79.98,undertraining
39.55,28.97,52.8,38.53,declining,60,2,668.7,17.81,57.95,98.53,undertraining
27.72,85,38.36,28.91,declining,66.71,6,4582.3,60.43,510,95.62,overtraining
24.54,96.67,40.36,24.71,declining,62.31,6,4596.9,72.78,580.0,87.02,overtraining
29.08,93.97,39.81,34.76,declining,64.31,6,4936.5,61.31,563.8,99.07,overtraining
34.89,29.04,54.49,34.83,improving,36.3,2,1066.2,18.92,58.08,71.14,undertraining
31.21,29.82,38.46,37.65,stable,52.62,2,481.2,18.59,59.64,90.26,undertraining
29.25,85,45.3,30.92,declining,52.17,6,5477.4,58.72,510,83.09,overtraining
63.04,60,86.67,65.54,improving,89.11,5,2521.2,20.67,300,154.65,optimal
25.54,93.01,39.78,25.46,declining,60.46,7,3711.1,69.33,651.06,85.92,overtraining
29.31,88.27,30.73,40.39,declining,82,7,4104.8,52.61,617.86,122.39,overtraining
28.03,35.31,34.53,38.45,declining,29.46,3,962.8,21.73,105.93,67.91,undertraining
64.72,73.29,86.49,75.81,improving,87.91,5,3885.2,17.73,366.44,163.72,optimal
60,61.16,74.6,66.54,stable,70,5,3731.8,20.47,305.81,136.54,optimal
27.3,96.86,44.57,26.09,declining,63.07,7,5151.3,71.59,677.99,89.16,overtraining
39.15,22.3,47.52,51.54,stable,44.52,0,1379.8,10.81,0,96.06,undertraining
30.0,95.07,49.08,37.48,declining,65.32,7,3579.2,59.44,665.49,102.8,overtraining
60.69,75.18,79.58,72.15,improving,77.31,5,3096.0,20.94,375.89,149.46,optimal
26.25,85.64,47.32,18.44,declining,50.72,7,3916.6,69.85,599.47,69.16,overtraining
35.45,18.92,41.52,46.88,stable,46.61,1,1563.3,10.05,18.92,93.49,undertraining
66.26,76.62,95,77.9,stable,78.64,4,2940.5,16.93,306.48,156.54,optimal
63.54,67.84,77.73,82.66,improving,91.1,5,3764.7,14,339.22,173.76,optimal
29.38,87.64,40.21,33.8,declining,75.69,6,4405.8,58.02,525.87,109.48,overtraining
40.47,24.45,58,49.25,declining,50.72,2,1006.7,12.41,48.9,99.98,undertraining
34.58,28.24,39.39,46.56,declining,37.76,3,1321.5,15.09,84.72,84.32,undertraining
32.59,17.98,33.67,42.82,improving,35.45,2,927.8,10.28,35.96,78.27,undertraining
24.81,89.88,18.35,48.38,declining,64.96,6,3614.7,46.4,539.29,113.34,overtraining
29.13,32.73,29.31,33.98,stable,43.63,2,1599.6,21.61,65.46,77.61,undertraining
31.92,17.65,26.23,45.37,declining,37.56,1,520.8,9.64,17.65,82.93,undertraining
29.73,98.9,53.8,28.79,declining,77.21,6,4672.3,70.43,593.42,106.0,overtraining
65.49,60.06,80.18,79.72,improving,86.2,5,3156.8,14,300.28,165.92,optimal
22.85,91.75,19.79,38.9,declining,54.38,7,5483.5,56.07,642.27,93.28,overtraining
60,64.21,64.47,76.19,improving,82.97,6,4200,15.29,385.24,159.16,optimal
60,72.36,79.38,67.51,improving,70,5,3119.7,23.51,361.81,137.51,optimal
31.23,35.99,40.21,36.62,stable,30.79,1,1354.0,22.81,35.99,67.41,undertraining
69.4,72.49,90.79,87.69,improving,90.45,6,2839.8,14,434.93,178.14,optimal
21.08,85.46,28.52,14,stable,61.8,6,4412.6,73.5,512.78,75.8,overtraining
38.51,18.97,46.98,46.62,stable,58.85,3,1104.8,10.13,56.91,105.46,undertraining
27.24,97.86,49.65,21.77,declining,80.01,6,4070.4,76.56,587.19,101.79,overtraining
31.81,21.03,27.31,41.96,declining,45.95,1,909.2,12.21,21.03,87.91,undertraining
25.6,93.5,32.76,31.09,declining,59.95,7,3901.8,64.43,654.48,91.03,overtraining
39.71,17.19,38.08,54.25,improving,57.56,3,928.6,7.86,51.56,111.81,undertraining
60,68.66,76.07,66.77,stable,84.26,5,3380.6,22.82,343.28,151.03,optimal
60.13,73.38,76.07,71.82,stable,86.67,4,4122.2,20.68,293.53,158.49,optimal
25.13,85.78,27.51,29.65,declining,70.38,7,3917.2,60.35,600.49,100.03,overtraining
29.66,89.12,38.96,36.12,stable,77.31,6,5031.5,56.93,534.72,113.43,overtraining
61.69,61.0,75.07,78.7,improving,82.56,5,3709.9,14,305.02,161.25,optimal
26.92,88.51,43.19,30.25,declining,69.6,7,5065.6,61.74,619.6,99.85,overtraining
61.64,77.84,84.04,77.43,improving,80.36,5,2196.8,17.57,389.21,157.79,optimal
33.19,21.74,40.36,39.31,stable,33.83,1,547.0,13.19,21.74,73.13,undertraining
36.35,15.88,47.05,44.56,declining,48.09,2,933.4,8.8,31.75,92.65,undertraining
60.62,70.2,71.41,74.15,improving,90.56,4,3072.3,18.15,280.81,164.71,optimal
62.7,68.4,84.65,67.89,improving,95.81,5,3467.3,21.96,342.01,163.7,optimal
28.63,91.15,39.51,35.94,declining,70.8,7,4953.9,58.39,638.06,106.74,overtraining
27.66,34.07,33.63,29.13,stable,36.01,1,586.2,24.14,34.07,65.14,undertraining
28.82,89.39,44.01,27.59,declining,53.45,7,3906.2,64.73,625.74,81.04,overtraining
62.45,60,73.76,75.68,improving,85.74,4,2533.8,14.59,240,161.42,optimal
63.68,64.71,76.73,81.27,improving,89.96,4,3695.8,14,258.83,171.23,optimal
30.35,22.31,32.51,35.32,declining,33.72,3,649.0,14.43,66.92,69.04,undertraining
40.19,29.46,58,54.32,declining,33.12,2,998.8,13.46,58.91,87.44,undertraining
21.23,87.56,28.55,24.18,declining,67.63,7,3449.9,66.39,612.92,91.8,overtraining
27.58,35.64,30.61,31.55,declining,32.4,2,1357.1,24.4,71.28,63.95,undertraining
31.0,92.93,34.31,48.31,declining,71.56,7,3597.4,48.03,650.52,119.87,overtraining
60,80,76.86,67.63,stable,92.54,5,3856.4,25.9,400,160.17,optimal
29.88,90.24,39.96,32.72,declining,70.86,7,3961.3,60.71,631.7,103.58,overtraining
60.76,79.58,75.37,72.24,improving,82.33,5,2295.6,22.09,397.92,154.58,optimal
27.04,90.67,30.87,30.43,declining,66.03,6,4801.4,63.09,544.04,96.45,overtraining
60,78.64,73.47,72.25,improving,91.1,4,2804.0,21.83,314.58,163.35,optimal
36.03,41.28,53.61,42.31,declining,26.23,1,797.4,23.81,41.28,68.55,undertraining
27.0,99.07,42.74,26.53,declining,64.53,6,4515.3,72.79,594.41,91.06,overtraining
33.28,32.09,27.74,56.58,declining,45.89,0,703.0,13.93,0,102.47,undertraining
25.41,91.79,38.16,26.11,declining,62.58,6,6000,67.82,550.76,88.69,overtraining
26.23,87.62,24.54,45.93,declining,72.4,6,4370.5,47.38,525.7,118.33,overtraining
31.41,34.98,24.7,53.65,declining,25.52,1,1441.0,16.21,34.98,79.17,undertraining
27.18,95.3,37.39,32.41,declining,78.72,6,4365.3,64.42,571.82,111.13,overtraining
25.21,98.22,33.88,36.11,declining,54.58,6,4835.6,62.75,589.33,90.7,overtraining
60.99,68.9,75.9,70.24,improving,84.65,4,2661.5,20.5,275.59,154.89,optimal
38.67,35.29,52.25,49.24,declining,35.99,3,715.2,17.91,105.88,85.24,undertraining
34.13,24.58,50.84,37.4,declining,29.03,1,1271.0,15.38,24.58,66.43,undertraining
22.83,98.35,36.93,20.95,declining,66.59,6,4825.9,77.75,590.11,87.54,overtraining
29.2,20.12,31.69,33.34,declining,29.6,1,1207.9,13.41,20.12,62.94,undertraining
28.09,85,42.13,29.84,declining,63.49,5,5225.0,59.63,425,93.34,overtraining
31.23,86.3,47.59,38.38,declining,53.42,7,3837.1,53.18,604.1,91.79,overtraining
29.5,91.38,52.94,27.98,declining,53.67,7,4669.9,65.82,639.68,81.64,overtraining
33.49,86.11,37.35,51.29,stable,51.29,7,3850.7,41.94,602.74,102.58,overtraining
34.84,10,32.82,49.63,improving,28.47,1,1453.6,5.04,10,78.1,undertraining
34.5,29.47,50.45,35.41,declining,34.85,2,577.6,19.03,58.93,70.26,undertraining
33.08,36.68,45.3,36.65,improving,38.05,1,918.3,23.24,36.68,74.71,undertraining
31.13,19.13,24.35,48.26,declining,32.42,3,300,9.9,57.38,80.68,undertraining
30.97,86.9,36.28,45.38,declining,76.76,6,4196.8,47.46,521.38,122.14,overtraining
62.18,78.68,76.83,79.68,improving,80.69,6,2591.0,15.99,472.06,160.37,optimal
38.78,30.66,41.15,50.85,stable,59.49,2,1596.2,15.07,61.31,110.33,undertraining
35.54,32.44,43.09,41.54,stable,51.19,1,864.3,18.96,32.44,92.73,undertraining
60,66.69,68.68,70.86,improving,80.31,5,3617.6,19.43,333.43,151.17,optimal
60.0,72.55,77.53,70.98,improving,74.01,5,2829.7,21.06,362.77,144.99,optimal
66.56,67.69,86.3,82.0,improving,90.63,6,2793.8,14,406.13,172.64,optimal
23.39,87.64,16.83,31.81,declining,67.78,5,5076.0,59.76,438.18,99.59,overtraining
63.96,68.8,90.95,76.76,stable,78.05,4,2993.7,15.99,275.2,154.82,optimal
29.21,85.92,42.71,39.05,declining,55.96,7,4015.9,52.37,601.42,95.0,overtraining
32.03,27.21,42.42,30.05,stable,44.02,2,1765.3,19.04,54.43,74.07,undertraining
31.97,89.14,47.6,33.73,declining,67.13,7,4170.5,59.07,623.98,100.87,overtraining
33.15,27.24,41.96,36.89,stable,60,1,1468.8,17.19,27.24,96.89,undertraining
22.29,92.67,33.19,23.21,declining,66.85,6,5028.3,71.16,556.02,90.06,overtraining
20.74,100,35.95,15.39,declining,49.58,6,3240.9,84.61,600,64.97,overtraining
19.25,92.72,25.61,16.27,declining,59.12,6,4405.8,77.64,556.35,75.39,overtraining
64.17,77.04,78.1,88.41,improving,94.79,4,2850.9,14,308.16,183.2,optimal
25.78,92.34,30.66,28.77,declining,76.39,6,3643.6,65.77,554.04,105.16,overtraining
35.65,17.35,36.54,47.56,improving,49.49,1,1488.5,9.1,17.35,97.05,undertraining
34.79,33.74,58,34.53,declining,21.28,1,971.7,22.09,33.74,55.81,undertraining
65.97,73.56,95,74.39,stable,84.83,4,3369.6,18.84,294.22,159.22,optimal
30.92,94.91,46.44,39.34,stable,57.28,7,3490.7,57.58,664.38,96.62,overtraining
42.95,25.93,53.02,54.31,stable,46.4,1,1081.8,11.85,25.93,100.7,undertraining
60,74.85,70.45,73.51,stable,87.09,6,2744.0,19.83,449.12,160.6,optimal
32.98,93.63,44.08,43.7,stable,71.45,7,3703.4,52.71,655.43,115.15,overtraining
27.65,29.77,36.59,28.51,stable,24.59,3,1045.6,21.29,89.32,53.1,undertraining
34.43,20.75,44.62,39.97,stable,36.84,1,1083.5,12.45,20.75,76.82,undertraining
27.03,88.35,43.19,23.06,declining,57.79,5,4667.1,67.97,441.75,80.85,overtraining
69.56,71.58,90.92,92,improving,77.05,5,3534.0,14,357.88,169.05,optimal
27.03,92.76,40.64,24.56,declining,66.82,6,4657.1,69.98,556.55,91.38,overtraining
25.35,94.27,23.45,41.33,stable,68.49,6,5178.5,55.31,565.61,109.82,overtraining
21.09,95.44,16,34.27,declining,55.9,7,4812.9,62.73,668.07,90.17,overtraining
21.87,93.72,21.6,24.61,declining,73.36,6,3642.3,70.65,562.33,97.97,overtraining
29.55,32.41,44.98,32.43,declining,24.72,2,1713.8,21.9,64.83,57.15,undertraining
60.76,70.02,75.6,84.16,improving,77.88,4,3613.2,14,280.07,162.04,optimal
60.58,60,70.42,73.64,improving,78.37,5,2358.2,15.81,300,152.01,optimal
34.05,29.12,39.51,48.13,stable,43.1,2,465.7,15.1,58.23,91.23,undertraining
24.67,95.82,29.11,28.81,declining,77.32,5,3664.7,68.21,479.09,106.13,overtraining
30.21,85,38.88,32.5,declining,75.8,7,4235.5,57.37,595,108.3,overtraining
60.49,74.92,73.11,79.05,improving,81.95,4,2938.1,15.7,299.66,160.99,optimal
63.29,70.18,83.99,73.06,improving,87.95,5,2961.9,18.91,350.89,161.01,optimal
26.5,93.05,30.34,36.0,declining,61.03,6,4111.8,59.55,558.29,97.04,overtraining
37.54,16.8,39.45,53.38,declining,36.13,1,1001.6,7.83,16.8,89.51,undertraining
24.36,88.25,32.03,27.74,declining,75.9,7,4197.3,63.77,617.74,103.64,overtraining
34.19,26.17,33.48,51.29,stable,39.91,1,1552.4,12.75,26.17,91.2,undertraining
26.4,85,36.04,27.56,stable,79.51,7,4445.6,61.57,595,107.08,overtraining
28.16,87.03,38.09,33.08,declining,70.96,6,5760.6,58.24,522.21,104.04,overtraining
32.87,31.66,44.46,40.83,declining,36.7,0,957.0,18.73,0,77.53,undertraining
62.73,71.08,77.98,73.01,improving,95.44,5,2593.9,19.18,355.4,168.44,optimal
28.34,86.81,41.53,36.04,declining,63.38,5,5721.4,55.53,434.07,99.41,overtraining
33.88,30.15,36.24,48.84,stable,44.97,3,1285.4,15.43,90.46,93.81,undertraining
63.92,60,71.71,75.79,improving,91.21,5,3279.1,14.52,300,167.01,optimal
26.55,94.13,33.24,35.34,stable,43.63,5,5517.2,60.86,470.66,78.97,overtraining
62.5,62.58,74.93,70.48,improving,84.28,5,3258.9,18.47,312.91,154.76,optimal
32.37,99.78,48.35,48.03,declining,68.22,6,5643.1,51.86,598.71,116.25,overtraining
29.29,26.43,29.63,37.65,declining,23.94,3,1149.9,16.48,79.29,61.59,undertraining
35.29,37.78,37.49,51.0,stable,53.11,2,718.9,18.51,75.56,104.11,undertraining
60.81,70.66,70.81,84.0,improving,76.77,6,2777.1,14,423.98,160.77,optimal
63.1,75.95,74.56,88.01,improving,76.03,5,2779.4,14,379.74,164.04,optimal
60.29,73.29,78.83,69.7,stable,84.19,4,3535.2,22.21,293.14,153.9,optimal
63.84,73.35,85.67,71.34,improving,96.7,5,3762.9,21.02,366.75,168.03,optimal
33.49,27.3,32.04,51.44,stable,35.79,2,924.5,13.26,54.6,87.23,undertraining
64.84,60,81.93,74.82,improving,84.42,5,2792.6,15.11,300,159.25,optimal
63.48,80,91.81,75.27,improving,83.87,5,3155.0,19.78,400,159.14,optimal
60,62.95,66.29,71.58,improving,95.4,6,3684.3,17.89,377.72,166.98,optimal
23.84,90.13,32.22,18.45,declining,82,6,5167.7,73.5,540.77,100.45,overtraining
32.27,88.95,41.07,38.72,declining,80.19,6,4877.6,54.51,533.71,118.9,overtraining
33.32,29.84,35.57,40.11,improving,54.42,2,300,17.87,59.68,94.53,undertraining
24.57,98.81,25.36,37.13,stable,82,6,4426.3,62.12,592.84,119.13,overtraining
33.02,91.65,46.99,48.65,declining,46.1,7,5400.3,47.07,641.58,94.74,overtraining
30.03,89.06,40.34,47.69,declining,42,6,4359.6,46.59,534.36,89.69,overtraining
64.68,71.29,83.05,78.48,improving,88.76,5,3208.3,15.34,356.44,167.24,optimal
34.96,23.75,37.92,53.4,stable,38.74,2,1184.7,11.07,47.5,92.14,undertraining
36.47,19.42,43.06,43.19,stable,47.02,1,1000.4,11.03,19.42,90.21,undertraining
34.28,24.01,45.38,40.04,improving,59.07,0,1211.4,14.39,0,99.12,undertraining
30.8,26.33,40.82,31.16,stable,44.6,0,975.4,18.13,0,75.77,undertraining
36.28,38.71,37.77,52.68,declining,40.23,2,826.7,18.32,77.42,92.91,undertraining
24.32,91.74,31.27,25.88,declining,63.64,6,3373.3,68.0,550.41,89.52,overtraining
32.23,25.41,46.48,31.7,declining,31.97,3,920.2,17.36,76.24,63.67,undertraining
27.04,86.61,31.65,36.99,declining,64.72,7,5451.1,54.57,606.26,101.7,overtraining
27.8,89.56,36.9,31.39,declining,61.37,6,4858.4,61.45,537.38,92.77,overtraining
34.64,24.61,48.18,38.37,improving,33.74,3,616.7,15.17,73.83,72.11,undertraining
29.59,88.36,31.05,46.24,declining,72.31,7,4725.2,47.5,618.52,118.55,overtraining
63.55,76.42,81.9,73.87,stable,100,4,3445.2,19.97,305.67,173.87,optimal
27.01,87.41,31.45,32.54,declining,75.77,7,4453.1,58.97,611.88,108.31,overtraining
35.62,26.32,48.21,44.92,declining,29.39,1,972.4,14.5,26.32,74.31,undertraining
60,77.5,75.64,71.71,stable,88.54,5,2761.4,21.92,387.51,160.25,optimal
22.49,85,27.38,22.74,declining,73.38,5,5289.8,65.67,425,96.12,overtraining
35.48,34.18,52.1,36.93,stable,50.65,0,1403.4,21.56,0,87.57,undertraining
60,71.56,78.68,69.18,improving,80.2,6,2693.6,22.06,429.38,149.38,optimal
24.39,92.68,41.47,19.81,declining,57.79,5,3664.9,74.32,463.42,77.61,overtraining
33.89,30.32,46.93,29.51,improving,58.53,2,588.5,21.37,60.64,88.04,undertraining
61.72,71.5,77.88,77.69,improving,86.51,4,2930.6,15.95,286.01,164.2,optimal
39.24,20.86,45.15,58.76,declining,34.86,0,1200.3,8.61,0,93.62,undertraining
36.7,12.08,39.36,49.72,stable,41.74,2,971.3,6.07,24.15,91.46,undertraining
60.39,65.27,76.39,71.13,stable,82.05,6,3323.2,18.84,391.64,153.18,optimal
60.96,65.17,71.44,76.39,improving,77.08,5,2889.1,15.39,325.87,153.47,optimal
34.37,88.97,43.54,46.59,declining,80.45,6,4477.7,47.51,533.79,127.04,overtraining
35.08,34.93,39.12,56.63,declining,39.99,0,849.5,15.15,0,96.62,undertraining
28.44,31.44,28.09,41.48,declining,30.23,3,1572.0,18.4,94.31,71.71,undertraining
34.93,27.84,43.53,42.78,declining,45.59,3,703.3,15.93,83.53,88.37,undertraining
30.21,28.42,24.38,44.63,stable,49.32,3,1246.6,15.74,85.26,93.95,undertraining
36.68,31.67,50.05,52.37,declining,36.02,1,892.4,15.09,31.67,88.39,undertraining
60,74.55,73.36,75.15,improving,78.91,4,2681.7,18.53,298.19,154.05,optimal
33.08,94.5,51.41,32.72,stable,77.72,6,3929.3,63.58,566.98,110.44,overtraining
35.34,30.16,34.86,56.1,declining,25.22,1,771.7,13.24,30.16,81.32,undertraining
35.44,17.13,34.1,49.37,stable,56.33,3,890.7,8.67,51.38,105.71,undertraining
35.28,18.24,33.88,50.29,stable,41.19,2,1338.0,9.07,36.49,91.49,undertraining
36.93,31.38,37.57,52.91,declining,49.8,0,575.8,14.78,0,102.71,undertraining
28.55,87.34,30.91,41.92,declining,60.3,6,5580.6,50.73,524.05,102.21,overtraining
31.99,31.0,34.52,33.9,stable,53.6,2,1091.8,20.49,62.0,87.5,undertraining
23.86,91.95,31.72,31.43,declining,52.14,6,5590.7,63.05,551.71,83.57,overtraining
31.03,89.32,44.19,38.71,declining,42.61,6,3937.7,54.74,535.91,81.32,overtraining
19.37,86.58,24.25,20.38,declining,43.5,7,5185.2,68.94,606.09,63.88,overtraining
34.57,17.11,27.28,54.79,stable,37.94,3,1056.9,7.74,51.33,92.73,undertraining
28.62,85,34.95,38.18,declining,70.69,7,4349.3,52.55,595,108.87,overtraining
30.13,44.55,34.49,41.42,stable,46.36,1,884.1,26.1,44.55,87.77,undertraining
60,68.43,63.92,66.52,improving,100,5,2974.2,22.91,342.14,166.52,optimal
32.39,92.81,42.06,52,declining,63.25,6,5162.7,44.55,556.85,115.25,overtraining
37.29,21.48,37.37,51.62,declining,41.37,2,1174.2,10.39,42.96,92.99,undertraining
61.81,73.94,83.54,66.17,improving,97.11,4,2481.1,25.01,295.75,163.28,optimal
67.72,78.07,82.27,86.53,improving,92.64,4,3634.3,14,312.3,179.17,optimal
26.5,93.21,39.09,24.22,declining,62.58,7,3684.1,70.63,652.44,86.8,overtraining
29.51,31.8,29.83,38.58,stable,41.17,3,899.7,19.53,95.4,79.75,undertraining
34.98,22.06,38.04,51.38,stable,50.46,1,801.0,10.72,22.06,101.84,undertraining
64.32,64.59,84.59,75.7,improving,74.69,5,2893.5,15.69,322.97,150.39,optimal
23.57,87.62,27.26,29.71,declining,66.25,6,4766.4,61.59,525.72,95.96,overtraining
32.66,26.14,48.33,33.03,declining,37.86,1,798.6,17.51,26.14,70.9,undertraining
27.25,89.56,41.42,25.17,declining,77.85,6,5195.7,67.02,537.37,103.02,overtraining
60.41,68.51,73.11,70.58,stable,91.09,4,3147.4,20.15,274.02,161.67,optimal
61.04,71.4,75.13,79.18,improving,70,5,3206.3,14.86,357.01,149.18,optimal
23.84,93.43,37.44,23.02,declining,71.82,7,4070.4,71.93,654.04,94.84,overtraining
60.82,72.8,82.49,68.58,stable,88.15,5,2569.4,22.87,364.01,156.74,optimal
64.58,67.59,77.45,77.97,improving,92.44,6,2770.9,14.89,405.53,170.41,optimal
24.99,96.78,32.31,31.57,declining,62.81,6,3707.9,66.22,580.68,94.38,overtraining
20.89,86.82,18.45,28.46,declining,56.13,5,3833.9,62.11,434.11,84.6,overtraining
63.06,67.12,85.72,72.99,improving,92.83,6,3489.4,18.13,402.75,165.81,optimal
37.91,31.33,41.03,58.16,stable,33.09,2,760.7,13.11,62.66,91.24,undertraining
35.62,32.27,44.43,42.45,declining,37.93,2,1123.6,18.57,64.55,80.37,undertraining
30.55,36.64,26.24,46.22,declining,37.3,2,1068.6,19.7,73.28,83.52,undertraining
60,67.11,72.03,76.16,improving,76.12,5,3751.3,16.0,335.54,152.28,optimal
66.96,69.24,88.55,86.08,stable,82.65,4,2864.7,14,276.95,168.73,optimal
32.75,92.24,47.06,41.81,declining,65.66,7,4254.4,53.67,645.71,107.47,overtraining
34.91,94.43,50.55,52,declining,58.72,6,3832.5,45.33,566.61,110.72,overtraining
29.92,93.63,33.48,44.95,declining,75.61,7,3856.7,51.54,655.4,120.57,overtraining
66.77,73.41,92.53,75.26,improving,80.99,6,2000,18.16,440.44,156.26,optimal
60.63,79.94,73.19,79.04,improving,80.21,5,2575.4,16.75,399.72,159.25,optimal
35.4,88.24,56,45.92,declining,64.14,6,6000,47.72,529.43,110.06,overtraining
23.84,85,34.54,23.46,declining,64.24,5,3563.9,65.06,425,87.7,overtraining
60,68.45,78.11,62,improving,82.34,5,3020.7,26.01,342.26,144.34,optimal
28.22,100,33.3,43.91,declining,82,7,5058.4,56.09,700,125.91,overtraining
64.53,72.96,76.32,92,improving,76.14,4,2748.6,14,291.84,168.14,optimal
32.62,12.79,44.02,31.73,declining,43.7,3,1025.8,8.73,38.38,75.44,undertraining
60,73.56,73.75,69.58,improving,77.72,5,3125.3,22.38,367.78,147.3,optimal
22.22,94.51,30.46,22.94,declining,62.99,7,3000,72.83,661.6,85.93,overtraining
33.73,13.58,48.08,32.03,declining,34.68,1,1727.2,9.23,13.58,66.72,undertraining
26.32,91.2,35.25,31.82,declining,76.46,6,4371.3,62.18,547.21,108.28,overtraining
27.16,87.63,48.43,21.44,declining,82,7,5328.9,68.85,613.4,103.44,overtraining
25.86,93.8,49.96,21.46,declining,44.74,6,5114.8,73.67,562.78,66.2,overtraining
20.92,89.3,29.86,14,stable,72.71,7,4082.6,76.8,625.11,86.71,overtraining
34.14,24.15,49.94,36.32,stable,31.22,1,1800,15.38,24.15,67.54,undertraining
66.5,76.38,86.06,81.25,improving,99.43,4,3448.8,14.32,305.51,180.69,optimal
63.23,62.42,80.71,77.65,improving,86.62,5,3723.8,14,312.09,164.27,optimal
30.03,29.47,29.0,47.83,declining,28.98,3,805.1,15.37,88.4,76.81,undertraining
28.95,86.18,56,14,declining,66.99,6,5051.7,74.11,517.06,80.99,overtraining
31.61,43.71,35.9,43.35,stable,32.75,1,1066.5,24.76,43.71,76.09,undertraining
34.44,18.81,40.55,40.46,declining,56.91,0,1138.4,11.2,0,97.37,undertraining
29.94,89.82,38.57,34.01,declining,74.99,7,4505.2,59.27,628.74,109.0,overtraining
25.21,97.52,37.25,32.76,declining,64.81,5,5669.8,65.57,487.61,97.57,overtraining
29.44,90.93,40.3,43.8,declining,53.74,7,4510.9,51.11,636.53,97.54,overtraining
25.2,93.31,44.72,20.08,declining,58.7,6,4604.1,74.57,559.84,78.78,overtraining
63.6,76.44,87.22,80.67,improving,74.51,5,2242.5,14.78,382.18,155.17,optimal
32.39,34.89,40.82,38.93,stable,50.21,2,1217.3,21.31,69.78,89.14,undertraining
25.78,90.71,39.96,27.58,stable,61.07,5,5216.0,65.69,453.55,88.65,overtraining
35.32,28.28,44.93,47.73,stable,19.37,1,1117.1,14.79,28.28,67.1,undertraining
61.31,73.77,74.4,73.23,improving,79.84,5,2674.3,19.75,368.86,153.08,optimal
66.09,68.36,87.46,72.09,stable,90.66,6,2681.2,19.08,410.17,162.75,optimal
63.2,72.86,83.26,69.8,stable,90.32,4,4200,22.01,291.43,160.11,optimal
35.95,20.33,34.25,55.72,declining,31.28,2,585.7,9.0,40.67,87.01,undertraining
60,69.29,75.6,68.82,improving,83.79,6,3411.7,21.6,415.74,152.62,optimal
67.0,71.04,82.52,86.15,stable,85.94,4,3246.6,14,284.14,172.09,optimal
28.89,90.95,36.53,43.46,declining,69.56,6,5024.8,51.42,545.71,113.02,overtraining
60.94,67.21,80.21,68.63,improving,86.36,5,3219.6,21.08,336.07,154.99,optimal
28.1,91.57,49.66,24.95,declining,47.19,5,4544.7,68.72,457.85,72.14,overtraining
66.94,72.08,85.32,87.61,stable,87.7,6,3678.0,14,432.5,175.31,optimal
38.75,17.09,58,45.9,declining,36.19,2,1311.8,9.24,34.17,82.09,undertraining
66.27,73.89,80.49,89.25,improving,89.93,5,3034.4,14,369.43,179.18,optimal
37.9,18.31,42.76,56.13,stable,28.61,3,1284.2,8.04,54.94,84.74,undertraining
30.65,88.65,33.44,44.24,declining,69.96,7,5847.1,49.43,620.58,114.2,overtraining
35.25,39.33,48.64,38.25,stable,42.74,0,767.7,24.29,0,80.99,undertraining
37.37,36.67,40.98,62,stable,34.23,1,718.3,13.93,36.67,96.23,undertraining
34.06,36.29,51.41,35.54,stable,18.06,1,1669.4,23.39,36.29,53.6,undertraining
63.54,66.33,83.5,72.6,improving,90.99,6,3350.4,18.17,397.97,163.59,optimal
61.43,77.69,73.56,82.74,improving,84.51,4,3033.6,14,310.77,167.24,optimal
30.47,90.86,32.64,45.12,declining,82,7,4281.1,49.87,636.02,127.12,overtraining
37.71,38.28,53.91,42.63,improving,29.68,2,1515.5,21.96,76.56,72.31,undertraining
25.52,89.97,31.78,36.26,declining,70.71,6,4737.1,57.34,539.79,106.97,overtraining
30.42,31.64,27.71,37.88,stable,54.88,1,658.1,19.66,31.64,92.75,undertraining
27.74,88.92,33.43,37.3,declining,64.49,5,4861.2,55.75,444.6,101.79,overtraining
37.56,20.48,45.14,46.49,improving,43.72,2,1657.5,10.96,40.96,90.21,undertraining
33.66,20.67,28.94,49.17,declining,42.38,1,1077.1,10.51,20.67,91.55,undertraining
67.56,63.23,85.37,84.1,improving,91.53,6,3181.7,14,379.37,175.63,optimal
31.39,30.32,31.85,45.35,declining,43.83,2,1135.3,16.57,60.65,89.18,undertraining
29.63,89.86,45.01,35.15,declining,67.91,5,4747.1,58.27,449.32,103.06,overtraining
28.83,45.68,30.47,39.24,stable,36.91,2,1365.5,27.76,91.36,76.14,undertraining
35.8,18.32,41.04,45.43,improving,27.07,0,877.0,10.0,0,72.5,undertraining
31.96,26.62,26.66,52.13,improving,58.28,1,1362.3,12.74,26.62,110.41,undertraining
60,65.18,63.33,70.94,stable,81.93,5,3002.3,18.94,325.91,152.86,optimal
65.73,60.12,91.36,73.96,stable,81.49,5,3040.9,15.65,300.59,155.45,optimal
60.34,78.88,76.89,74.45,stable,84.35,4,3440.3,20.15,315.51,158.79,optimal
32.94,41.88,36.04,41.65,declining,38.74,3,435.7,24.44,125.65,80.39,undertraining
60,73.65,63.91,71.66,improving,90.89,5,3045.7,20.87,368.26,162.55,optimal
23.47,88.19,34.62,23.76,declining,53.04,7,4826.6,67.23,617.3,76.81,overtraining
67.75,65.81,94.61,83.35,improving,73.99,5,2886.6,14,329.07,157.34,optimal
38.54,22.19,44.1,48.78,declining,49.51,2,1470.5,11.37,44.38,98.29,undertraining
26.6,92.53,38.16,25.72,declining,60.41,6,5179.0,68.73,555.18,86.13,overtraining
36.95,15.46,49.91,42.91,stable,40.91,2,300,8.83,30.93,83.83,undertraining
60,78.35,65.73,77.94,stable,85.45,6,3202.0,17.28,470.1,163.39,optimal
28.8,36.11,27.31,41.47,improving,37.8,2,902.8,21.14,72.22,79.27,undertraining
64.58,72.44,84.42,85.56,improving,75.8,5,2585.6,14,362.18,161.37,optimal
26.1,90.48,35.44,26.47,declining,64.65,7,4968.7,66.52,633.35,91.12,overtraining
31.17,87.94,41.69,41.41,declining,72.62,7,5182.0,51.53,615.59,114.02,overtraining
60,65.6,63,76.63,stable,77.07,5,3076.5,15.33,327.99,153.71,optimal
35.85,24.6,36.0,52.95,stable,46.59,3,456.8,11.57,73.79,99.54,undertraining
37.67,24.91,46.57,45.74,improving,44.49,2,769.1,13.52,49.83,90.22,undertraining
61.06,76.75,77.56,78.25,stable,78.41,4,3555.1,16.69,306.99,156.66,optimal
30.22,44.04,27.07,47.5,declining,41.27,3,1568.6,23.12,132.13,88.77,undertraining
34.49,14.47,34.95,53.38,declining,42.97,2,846.9,6.75,28.95,96.34,undertraining
64.97,75.98,83.84,78.98,stable,88.28,5,2878.3,15.97,379.88,167.26,optimal
37.92,39.46,53.19,48.94,stable,42.59,2,616.1,20.15,78.92,91.53,undertraining
65.09,70.92,84.02,77.4,improving,85.49,4,3403.5,16.03,283.7,162.89,optimal
35.42,25.1,58,33.65,declining,24.95,2,931.6,16.65,50.2,58.6,undertraining
21.69,96.51,36.29,14,declining,65.57,6,3545.4,83.0,579.07,79.57,overtraining
28.9,86.9,37.52,34.15,declining,56.47,5,4997.4,57.23,434.51,90.62,overtraining
35.01,24.48,33.23,52.07,stable,55.29,3,1193.3,11.73,73.44,107.36,undertraining
21.92,94.33,26.28,23.63,declining,60.49,7,3000,72.04,660.28,84.12,overtraining
62.9,67.21,82.77,72.86,stable,91.38,6,3246.2,18.24,403.25,164.24,optimal
25.43,85.76,20.03,37.05,declining,62.7,6,4971.4,53.99,514.54,99.75,overtraining
66.3,74.18,83.02,85.49,improving,84.29,4,2879.6,14,296.71,169.78,optimal
23.49,95.31,38.18,20.2,declining,81.61,7,4999.9,76.05,667.16,101.81,overtraining
24.36,85.05,24.16,35.56,declining,62.03,5,3337.6,54.8,425.26,97.59,overtraining
33.37,16.76,42.62,38.77,improving,44.02,1,1554.1,10.26,16.76,82.78,undertraining
35.01,25.5,42.55,57.5,declining,17.4,2,537.4,10.84,51.01,74.9,undertraining
37.6,42.93,50.19,48.36,declining,47.42,1,527.9,22.17,42.93,95.78,undertraining
20.69,96.05,27.73,17.07,stable,75.89,5,4999.8,79.66,480.27,92.95,overtraining
35.82,22.97,41.35,48.97,stable,28.26,3,831.7,11.72,68.92,77.23,undertraining
32.89,23.97,33.26,50.16,improving,29.9,1,1088.9,11.95,23.97,80.06,undertraining
64.9,72.29,89.31,75.99,improving,89.08,5,3471.8,17.36,361.43,165.07,optimal
60,71.03,70.55,71.37,stable,81.16,4,3471.5,20.34,284.1,152.53,optimal
37.37,32.08,40.84,48.97,declining,55.58,3,1107.6,16.37,96.24,104.55,undertraining
24.75,40.8,27.14,32.5,stable,39.36,2,1027.3,27.54,81.61,71.86,undertraining
31.04,24.57,33.17,34.38,declining,50.79,2,1196.0,16.12,49.14,85.17,undertraining
36.34,24.95,32.95,59.74,declining,40.64,1,1398.2,10.04,24.95,100.39,undertraining
32.37,31.58,33.93,43.92,declining,33.08,2,1022.1,17.71,63.17,77.0,undertraining
27.17,100,41.78,27.85,declining,77.36,6,4280.0,72.15,600,105.22,overtraining
60,65.47,80.21,62.29,improving,78.89,6,2728.7,24.69,392.8,141.18,optimal
30.79,30.54,28.43,49.65,stable,34.82,0,351.2,15.38,0,84.47,undertraining
36.94,35.57,48.94,39.51,stable,56.03,0,529.6,21.51,0,95.54,undertraining
29.05,93.54,31.6,42.01,declining,68.89,7,4465.1,54.24,654.81,110.91,overtraining
66.12,72.15,86.95,85.49,improving,79.16,5,3615.0,14,360.74,164.65,optimal
34.31,27.36,45.25,42.63,improving,37.23,2,1718.9,15.7,54.72,79.86,undertraining
34.89,27.17,36.6,45.38,stable,53.84,0,1165.2,14.84,0,99.22,undertraining
26.8,94.65,42.22,34.2,declining,48.28,5,3878.0,62.28,473.23,82.48,overtraining
29.84,90.32,44.86,26.56,declining,73.98,7,3364.6,66.33,632.27,100.54,overtraining
40.4,28.17,58,45.23,stable,40.24,2,396.4,15.43,56.34,85.47,undertraining
35.18,90.92,39.55,52,declining,68.41,6,5519.2,43.64,545.54,120.41,overtraining
27.6,86.58,38.41,32.34,declining,63.27,6,4549.4,58.57,519.46,95.61,overtraining
18.62,98.79,16.16,26.77,declining,70.83,6,4832.3,72.34,592.73,97.61,overtraining
60,74.04,78.41,66.8,improving,74.11,6,2747.9,24.58,444.27,140.91,optimal
34.76,17.26,34.82,43.91,declining,60,1,762.3,9.68,17.26,103.91,undertraining
33.13,40.88,33.76,51.83,declining,38.13,2,523.2,19.69,81.76,89.96,undertraining
28.34,96.0,36.65,43.01,declining,81.13,7,4919.5,54.71,672.0,124.15,overtraining
36.78,14.3,38.24,46.78,declining,37.22,1,383.7,7.61,14.3,84.0,undertraining
20.42,86.69,17.7,26.53,declining,57.74,5,3664.4,63.69,433.47,84.27,overtraining
64.14,64.24,76.33,76.76,improving,96.03,6,2530.1,14.93,385.44,172.8,optimal
60.59,67.92,77.91,66.95,improving,81.09,5,2914.8,22.45,339.62,148.04,optimal
34.24,17.76,33.07,43.08,declining,51.71,2,818.8,10.11,35.52,94.79,undertraining
28.14,90.45,37.46,42.37,stable,48.07,5,4605.8,52.13,452.26,90.44,overtraining
64.84,67.63,86.92,74.84,improving,84.52,4,3088.3,17.02,270.53,159.36,optimal
31.92,21.95,30.06,42.81,declining,32.1,1,1117.1,12.55,21.95,74.91,undertraining
38.04,30.06,34.17,58.15,declining,44.53,2,1525.1,12.58,60.11,102.69,undertraining
23.76,100,30.99,31.26,declining,82,6,4526.3,68.74,600,113.26,overtraining
19.02,90.38,21.33,25.24,declining,52.35,6,5516.4,67.57,542.29,77.6,overtraining
63.04,66.94,87.75,69.13,improving,74.89,4,3362.8,20.66,267.78,144.02,optimal
33.67,35.07,37.8,51.87,improving,22.24,3,1514.8,16.88,105.21,74.11,undertraining
62.48,73.73,87.56,76.64,improving,70,5,3680.4,17.22,368.63,146.64,optimal
25.85,90.39,26.95,44.68,declining,56.56,5,5792.8,50.0,451.94,101.24,overtraining
31.25,99.6,49.27,36.83,declining,69.18,6,4638.5,62.92,597.61,106.01,overtraining
25.73,91.56,28.69,39.36,stable,76.3,6,3046.9,55.52,549.34,115.67,overtraining
40.06,32.25,52.94,52.07,stable,37.52,1,1073.3,15.46,32.25,89.59,undertraining
28.44,89.39,40.81,40.49,declining,53.07,6,5297.7,53.2,536.36,93.56,overtraining
19.88,90.88,23.78,17.02,stable,76.76,5,4766.7,75.41,454.42,93.78,overtraining
29.75,91.39,37.6,39.92,declining,77.68,6,3296.2,54.91,548.35,117.6,overtraining
33.43,26.54,53.2,35.33,declining,35.48,1,1077.2,17.16,26.54,70.8,undertraining
28.0,91.69,36.55,34.07,declining,58.96,7,4725.4,60.44,641.8,93.03,overtraining
32.61,17.21,22.79,49.22,declining,55.66,2,1059.0,8.74,34.41,104.89,undertraining
28.71,86.13,32.11,41.4,stable,67.6,6,4541.9,50.47,516.75,109.0,overtraining
22.81,93.33,16,37.81,declining,61.88,7,5000.9,58.05,653.29,99.68,overtraining
60,74.46,76.19,63.19,stable,73.43,6,2950.5,27.41,446.76,136.63,optimal
25.19,85,27.89,37.91,declining,69.12,7,4047.9,52.78,595,107.02,overtraining
61.16,73.08,80.02,78.6,improving,82.86,6,2435.6,15.64,438.49,161.46,optimal
62.92,65.72,71.33,84.72,improving,92.52,4,3777.6,14,262.89,177.24,optimal
60,80,72.02,70.35,stable,94.47,6,3043.3,23.72,480,164.82,optimal
39.62,25.86,56.52,48.34,stable,28.43,2,940.3,13.36,51.72,76.76,undertraining
64.33,66.14,87.03,69.22,improving,86.05,5,2937.7,20.35,330.68,155.28,optimal
38.25,27.53,45.9,58.31,stable,33.78,0,777.7,11.48,0,92.09,undertraining
34.41,31.04,41.03,51.51,stable,41.06,2,545.1,15.05,62.09,92.57,undertraining
17.74,99.96,22.26,16.35,declining,66.56,7,4142.4,83.62,699.72,82.91,overtraining
18.52,97.36,22.45,25.7,declining,61.73,6,4761.2,72.34,584.16,87.43,overtraining
37.19,15.14,34.66,56.78,stable,45.65,1,626.7,6.54,15.14,102.43,undertraining
35.56,46.87,37.82,52.19,improving,52.94,1,1330.5,22.41,46.87,105.13,undertraining
28.49,91.81,41.61,32.24,declining,68.8,7,5169.0,62.21,642.66,101.04,overtraining
35.2,40.71,57.41,32.31,stable,39.49,1,729.1,27.56,40.71,71.8,undertraining
62.7,66.35,74.88,81.9,stable,89.43,5,3272.2,14,331.76,171.33,optimal
60.18,73.0,76.86,79.03,improving,75.76,5,2425.7,15.3,364.98,154.8,optimal
31.14,20.75,32.15,40.82,declining,34.42,2,1117.8,12.28,41.5,75.24,undertraining
61.19,79.69,79.82,78.14,improving,72.66,4,2870.3,17.42,318.77,150.8,optimal
24.08,85,37.64,18.27,declining,53.99,6,4809.6,69.47,510,72.27,overtraining
61.95,62.77,81.96,73.77,improving,79.72,4,3177.2,16.47,251.09,153.49,optimal
62.01,79.55,76.29,74.97,improving,89.66,5,3161.2,19.91,397.77,164.63,optimal
27.47,95.77,36.21,35.46,declining,60.8,6,4086.2,61.81,574.65,96.26,overtraining
29.35,31.38,34.35,32.02,improving,44.73,1,528.2,21.33,31.38,76.74,undertraining
63.87,80,78.61,87.93,improving,92.08,5,2966.8,14,400,180.01,optimal
25.37,89.83,28.76,29.39,declining,64.51,7,4339.9,63.42,628.8,93.91,overtraining
60,73.24,77.05,71.34,improving,89.23,4,2917.7,20.99,292.96,160.57,optimal
60,68.07,65.26,67.83,stable,75.2,5,3371.6,21.9,340.36,143.04,optimal
31.1,46.72,38.37,43.69,declining,37.47,3,343.2,26.31,140.17,81.15,undertraining
64.44,60,79.39,81.87,improving,78.9,4,2905.6,14,240,160.77,optimal
36.08,10,47.62,36.24,declining,37.97,1,476.3,6.38,10,74.2,undertraining
36.55,10.89,39.77,48.42,stable,43.73,3,1137.0,5.62,32.68,92.14,undertraining
66.01,74.09,85.41,83.82,stable,86.08,6,2255.0,14,444.56,169.91,optimal
23.46,91.33,24.56,35.09,stable,77.66,6,4775.2,59.28,548.0,112.75,overtraining
64.54,74.12,83.23,82.02,improving,79.87,5,2744.2,14,370.6,161.89,optimal
62.62,67.99,81.77,75.14,improving,80.01,6,2935.6,16.9,407.91,155.16,optimal
62.73,67.11,75.82,78.45,improving,80.72,5,3279.1,14.46,335.55,159.18,optimal
40.03,15.38,47.85,57.58,stable,35.38,1,300,6.52,15.38,92.96,undertraining
27.93,93.21,47.84,24.53,declining,69.7,5,5246.6,70.35,466.04,94.22,overtraining
23.84,97.03,36.2,25.25,declining,57.23,5,3922.0,72.53,485.14,82.48,overtraining
23.81,85,38.49,14,declining,61.04,7,4572.5,73.1,595,75.04,overtraining
61.88,68.48,69.98,82.06,stable,78.5,5,2823.1,14,342.41,160.56,optimal
31.55,90.82,41.59,39.1,declining,58.13,5,3839.3,55.31,454.08,97.23,overtraining
60,65.35,71.64,70.63,improving,89.2,6,2853.9,19.19,392.1,159.83,optimal
27.38,94.78,33.0,30.56,declining,82,7,4315.2,65.82,663.48,112.56,overtraining
40.92,22.63,53.01,53.19,stable,42.16,1,1174.0,10.59,22.63,95.35,undertraining
60,60,63,76.29,stable,79.98,5,3022.1,14.23,300,156.27,optimal
60,70.69,72.99,62,improving,81.74,6,3534.1,26.86,424.13,143.74,optimal
19.84,91.94,21.44,25.56,declining,54.6,6,3838.5,68.44,551.64,80.16,overtraining
36.11,25.74,55.04,24.38,stable,57.84,2,1173.5,19.46,51.48,82.23,undertraining
32.11,25.93,49.65,29.07,improving,24.45,3,1018.0,18.39,77.79,53.52,undertraining
32.49,28.93,36.73,42.04,declining,16,2,1329.2,16.77,57.86,58.04,undertraining
38.18,41.02,58,40.73,stable,54.92,2,1800,24.31,82.04,95.66,undertraining
64.77,70.97,86.29,75.86,improving,85.13,6,3031.7,17.14,425.83,160.99,optimal
64.48,67.49,79.43,80.81,improving,78.89,4,3446.5,14,269.95,159.7,optimal
68.27,65.2,82.38,88.16,improving,96.16,4,3707.3,14,260.79,184.32,optimal
60.81,69.68,80.53,67.68,improving,80.71,5,3782.4,22.52,348.41,148.39,optimal
39.37,23.66,51.81,46.35,improving,40.78,3,613.6,12.69,70.99,87.13,undertraining
29.12,31.9,27.73,40.43,declining,34.18,1,1310.5,19.0,31.9,74.61,undertraining
29.6,85,42.14,31.35,declining,65.71,6,5952.9,58.35,510,97.06,overtraining
60,74.66,68.34,76.24,improving,83.82,6,2940.1,17.74,447.97,160.06,optimal
38.92,32.91,47.78,47.94,declining,41.3,1,935.2,17.13,32.91,89.25,undertraining
38.72,26.19,47.26,52.47,declining,38.13,1,966.9,12.45,26.19,90.61,undertraining
31.53,33.62,36.91,42.55,declining,23.07,2,1800,19.31,67.23,65.63,undertraining
61.77,79.66,81.79,69.5,improving,100,4,2405.6,24.3,318.63,169.5,optimal
32.39,85.73,46.61,43.13,stable,51.7,7,3816.3,48.76,600.14,94.83,overtraining
22.73,100,36.17,23.92,declining,73.78,7,3866.5,76.08,700,97.71,overtraining
60,76.26,70.32,68.59,stable,82.23,4,2515.7,23.95,305.06,150.83,optimal
28.34,89.14,30.82,45.19,declining,56.25,6,3504.8,48.86,534.82,101.44,overtraining
31.45,89.73,42.32,38.99,declining,78.04,5,4537.6,54.74,448.64,117.03,overtraining
21.56,99.22,35.62,14,declining,82,5,3865.8,85.33,496.12,96,overtraining
61.46,80,69.87,89.28,stable,89.17,5,3703.5,14,400,178.46,optimal
21.77,90.6,34.25,24.23,declining,54.33,6,4708.1,68.65,543.6,78.56,overtraining
31.6,26.04,32.53,36.41,stable,32.73,1,801.1,16.56,26.04,69.14,undertraining
29.08,95.14,28.57,47.23,stable,64.28,6,4448.0,50.2,570.85,111.51,overtraining
60,71.85,67.64,74.57,improving,88.4,4,3133.9,18.27,287.42,162.97,optimal
25.31,95.78,30.58,38.95,declining,67.73,7,3000,58.47,670.46,106.68,overtraining
23.96,99.62,18.05,40.4,declining,77.05,7,3117.4,59.37,697.31,117.45,overtraining
29.25,24.99,29.22,35.4,improving,40.77,1,493.2,16.14,24.99,76.17,undertraining
30.09,90.95,34.85,41.96,declining,71.93,6,4099.5,52.79,545.7,113.89,overtraining
60.25,71.05,80.92,69.06,improving,82.68,4,3406.5,21.98,284.19,151.74,optimal
33.55,33.53,39.25,43.88,stable,54.95,3,809.3,18.82,100.59,98.83,undertraining
30.27,89.82,40.56,35.86,declining,76.11,7,5440.1,57.61,628.74,111.97,overtraining
28.15,91.67,34.82,33.74,declining,64.32,5,3948.6,60.74,458.35,98.06,overtraining
63.19,61.75,83.95,73.02,improving,72.34,5,3132.4,16.66,308.74,145.36,optimal
61.99,75.28,80.02,78.32,stable,77.95,6,3611.9,16.32,451.67,156.27,optimal
28.7,93.84,50.51,26.36,declining,56.48,7,5781.9,69.11,656.88,82.84,overtraining
34.16,36.81,47.76,37.66,stable,41.0,0,1013.2,22.95,0,78.66,undertraining
35.44,50,45.87,46.48,declining,33.59,3,899.6,26.76,150,80.07,undertraining
33.12,29.43,38.93,34.5,declining,54.09,1,951.9,19.28,29.43,88.59,undertraining
27.22,90.83,43.27,30.78,declining,51.89,6,4392.6,62.87,544.95,82.67,overtraining
24.44,87.19,36.96,27.92,declining,56.1,7,5714.5,62.84,610.32,84.03,overtraining
66.09,74.31,90.57,78.9,improving,78.59,4,3284.9,15.68,297.24,157.5,optimal
30.55,31.71,30.96,39.05,stable,34.93,1,1103.7,19.33,31.71,73.98,undertraining
33.52,30.04,38.23,48.71,stable,40.16,2,808.0,15.4,60.07,88.88,undertraining
24.56,85.82,32.33,25.1,declining,58.14,5,4030.5,64.28,429.12,83.24,overtraining
22.85,88.17,33.0,24.27,declining,42,7,3616.2,66.77,617.18,66.27,overtraining
28.66,89.94,42.45,27.52,declining,67.16,7,5423.4,65.19,629.61,94.67,overtraining
64.23,67.98,87.48,67.76,stable,93.48,4,3657.5,21.92,271.92,161.24,optimal
37.56,30.78,40.13,59.01,improving,33.14,0,1355.8,12.62,0,92.15,undertraining
60,73.73,80.07,62,improving,86.44,6,3465.9,28.02,442.36,148.44,optimal
65.29,67.44,91.67,73.11,improving,73.52,4,2944.2,18.14,269.74,146.63,optimal
31.1,95.7,41.03,46.49,declining,49.35,7,3901.4,51.21,669.89,95.83,overtraining
22.08,92.53,25.26,28.4,declining,57.7,6,4828.8,66.26,555.19,86.09,overtraining
60.0,70.3,73.24,74.69,improving,79.38,4,3635.5,17.79,281.2,154.07,optimal
38.87,19.71,47.5,42.35,stable,56.12,2,713.4,11.36,39.42,98.47,undertraining
37.31,24.55,42.01,55.21,stable,41.77,0,932.5,11.0,0,96.99,undertraining
27.17,91.88,45.98,24.88,declining,58.82,5,4024.5,69.02,459.42,83.7,overtraining
31.96,39.94,58,27.38,stable,30.05,2,926.6,29.01,79.88,57.42,undertraining
23.57,99.81,42.47,15.77,declining,72.54,7,4793.5,84.06,698.65,88.32,overtraining
35.87,32.85,41.64,44.64,stable,54.56,2,1243.8,18.19,65.69,99.19,undertraining
30.02,86.85,41.38,35.45,stable,62.22,6,4622.0,56.06,521.09,97.67,overtraining
27.3,98.82,37.12,31.19,declining,70.89,7,5139.2,68.0,691.77,102.08,overtraining
63.4,60,70.29,85.68,improving,70,6,3248.9,14,360,155.68,optimal
60,75.14,65.37,65.09,improving,90.82,5,2496.0,26.23,375.71,155.92,optimal
28.34,90.33,24.03,46.06,declining,77.55,5,4815.5,48.72,451.67,123.62,overtraining
30.27,24.74,37.73,32.81,stable,39.26,1,1510.2,16.62,24.74,72.07,undertraining
61.8,63.57,63,83.87,stable,96.85,4,3451.2,14,254.3,180.73,optimal
36.03,37.78,39.52,51.14,stable,60,1,438.9,18.46,37.78,111.14,undertraining
27.98,94.66,37.33,37.93,declining,47.09,6,4860.7,58.76,567.98,85.02,overtraining
35.38,37.23,51.63,36.68,declining,35.48,2,946.7,23.57,74.46,72.16,undertraining
65.64,74.45,87.38,79.79,stable,96.46,6,2633.7,15.05,446.71,176.25,optimal
40.02,34.8,43.59,57.14,stable,56.74,1,879.6,14.92,34.8,113.87,undertraining
31.68,45.28,49.2,32.28,stable,49.47,2,700.6,30.66,90.55,81.75,undertraining
32.78,88.09,56,30.86,declining,69.07,5,5528.3,60.9,440.44,99.94,overtraining
24.96,91.78,26.47,36.1,declining,62.19,7,4856.9,58.64,642.43,98.29,overtraining
32.88,89.87,50.76,37.97,declining,70.45,7,3995.2,55.74,629.1,108.42,overtraining
28.66,96.31,32.52,36.79,declining,74.82,6,3530.0,60.87,577.84,111.61,overtraining
38.77,25.68,35.87,60.88,stable,51.51,2,949.9,10.05,51.36,112.39,undertraining
60.42,62.99,72.56,72.6,stable,80.66,4,2509.9,17.26,251.98,153.26,optimal
28.43,98.59,46.92,31.71,declining,69.26,7,5100.3,67.33,690.15,100.97,overtraining
23.17,92.02,31.72,25.84,declining,67.59,7,4704.5,68.24,644.13,93.43,overtraining
64.54,69.97,80.57,85.88,improving,80.92,6,4180.9,14,419.83,166.8,optimal
60,73.74,68.38,66.57,improving,74.58,5,3528.4,24.65,368.68,141.15,optimal
63.07,64.03,77.39,80.62,improving,78.92,5,3202.3,14,320.14,159.54,optimal
65.09,67.65,79.02,85.58,stable,85.93,5,3334.7,14,338.25,171.51,optimal
26.73,95.14,25.84,41.68,declining,82,5,4036.4,55.49,475.72,123.68,overtraining
27.53,16.08,20.04,37.49,stable,37.71,2,1698.0,10.05,32.17,75.2,undertraining
33.48,41.13,37.64,47.64,stable,34.82,2,1584.9,21.53,82.26,82.47,undertraining
36.97,28.25,45.06,44.08,declining,47.15,2,851.3,15.8,56.5,91.24,undertraining
62.94,72.81,77.85,89.31,improving,74.77,6,2852.4,14,436.84,164.08,optimal
32.29,88.42,27.52,52,declining,82,7,3755.7,42.44,618.95,130,overtraining
28.27,22.16,39.9,32.1,declining,16.03,1,877.2,15.05,22.16,48.13,undertraining
62.87,73.66,74.35,79.78,improving,97.84,6,2231.1,14.89,441.94,177.62,optimal
22.19,89.45,23.22,35.46,declining,62.56,7,4054.7,57.74,626.18,98.01,overtraining
60.55,62.74,70.7,76.78,improving,86.8,5,3108.4,14.57,313.7,163.58,optimal
25.39,86.09,31.37,30.55,declining,62.36,7,4603.9,59.79,602.61,92.91,overtraining
26.8,90.21,37.23,35.35,stable,61.95,6,3796.2,58.32,541.27,97.3,overtraining
38.75,28.22,46.91,46.39,improving,51.63,2,699.9,15.13,56.44,98.01,undertraining
60.01,72.26,74.39,71.07,improving,83.92,5,3610.3,20.9,361.32,154.99,optimal
39.89,33.04,58,43.97,stable,60,2,1366.4,18.51,66.09,103.97,undertraining
35.22,10.49,32.65,50.24,stable,41.34,3,973.0,5.22,31.47,91.58,undertraining
61.76,66.81,79.52,78.04,stable,72.02,4,3711.5,14.67,267.22,150.06,optimal
36.88,22.23,43.96,52.02,stable,41.22,1,1609.9,10.67,22.23,93.25,undertraining
62.65,61.76,73.41,78.07,improving,84.72,4,2971.7,14,247.04,162.79,optimal
63.36,62.32,85.75,70.5,improving,87.42,6,3461.8,18.39,373.94,157.92,optimal
27.76,93.95,50.49,27.17,declining,52.8,6,5257.6,68.43,563.69,79.97,overtraining
32.93,85.73,56,28.66,declining,66.31,7,4123.4,61.16,600.08,94.97,overtraining
60,68.24,75.86,63.13,improving,81.4,5,3522.9,25.16,341.18,144.53,optimal
34.56,35.27,42.67,44.5,stable,46.1,3,726.5,19.57,105.82,90.6,undertraining
60,76.39,80.12,71.24,improving,83.46,4,2947.8,21.97,305.58,154.7,optimal
39.55,50,44.23,62,declining,38.85,2,812.0,19.0,100,100.85,undertraining
38.01,23.91,39.81,62,stable,40.69,3,1047.7,9.09,71.74,102.69,undertraining
22.4,95.91,24.82,30.37,declining,82,7,4422.6,66.78,671.38,112.37,overtraining
35.43,27.63,36.2,51.76,declining,47.5,2,858.7,13.33,55.26,99.26,undertraining
35.2,16.99,32.63,55.41,stable,23.85,0,300,7.58,0,79.26,undertraining
65.37,70.1,86.04,83.46,stable,76.25,5,2697.4,14,350.48,159.71,optimal
60,65.97,65.22,65.21,improving,95.47,5,3504.8,22.95,329.84,160.68,optimal
23.88,86.5,33.96,21.13,stable,48.65,6,3788.1,68.22,519.01,69.78,overtraining
27.78,93.72,37.73,44.41,declining,56.84,6,3342.4,52.1,562.34,101.25,overtraining
38.96,18.76,52.09,49.97,stable,22.1,3,1158.4,9.39,56.29,72.07,undertraining
17.71,97.03,19.85,22.71,declining,66.19,5,5041.5,75.0,485.14,88.9,overtraining
35.12,42.01,36.88,46.17,improving,51.96,2,1369.9,22.61,84.01,98.13,undertraining
31.28,92.11,53.03,33.66,declining,60.46,5,6000,61.11,460.54,94.12,overtraining
37.74,33.97,47.73,42.38,stable,56.0,0,1281.0,19.57,0,98.39,undertraining
64.88,63.49,77.92,85.4,improving,83.03,4,2556.3,14,253.96,168.43,optimal
60,74.65,65.89,62,improving,83.61,4,2926.3,28.37,298.61,145.61,optimal
29.59,97.96,39.01,43.16,declining,78.1,6,5138.2,55.67,587.75,121.27,overtraining
39.91,27.48,51.58,46.05,improving,49.94,1,721.4,14.82,27.48,96.0,undertraining
61.34,69.78,73.09,78.87,improving,88.4,5,3879.4,14.74,348.91,167.27,optimal
30.98,85,42.0,37.04,declining,79.1,5,4759.7,53.52,425,116.14,overtraining
28.1,37.45,32.4,33.22,declining,29.61,3,1002.2,25.01,112.36,62.84,undertraining
62.58,67.24,72.59,84.93,stable,88.58,5,3459.7,14,336.18,173.51,optimal
37.34,32.08,56.49,38.54,declining,37.82,1,606.4,19.72,32.08,76.35,undertraining
28.63,87.23,47.14,27.27,declining,57.08,6,4905.5,63.44,523.36,84.35,overtraining
60,72.91,68.65,74.82,improving,77.15,5,3302.7,18.36,364.53,151.97,optimal
64.37,75.02,77.17,82.78,improving,81.93,5,3759.1,14,375.1,164.71,optimal
63.86,66.35,85.69,74.62,improving,77.46,5,2285.4,16.84,331.75,152.08,optimal
60,74.2,76.48,68.0,improving,85.15,6,3441.7,23.74,445.19,153.15,optimal
26.99,89.45,41.94,33.03,declining,60.32,5,4895.2,59.91,447.23,93.35,overtraining
60,71.06,74.66,70.47,stable,70,5,2883.3,20.98,355.28,140.47,optimal
63.64,66.67,70.74,83.92,improving,91.63,5,3279.2,14,333.35,175.55,optimal
62.65,66.01,75.87,70.69,stable,86.26,5,2725.8,19.35,330.07,156.95,optimal
34.16,26.48,33.94,48.4,stable,40.48,3,1112.9,13.66,79.43,88.87,undertraining
35.56,25.79,38.04,50.3,declining,42.35,3,1529.6,12.82,77.38,92.65,undertraining
39.01,34.24,42.51,60.18,stable,53.26,1,1211.8,13.63,34.24,113.44,undertraining
60,68.24,73.67,72.2,improving,77.86,5,3488.9,18.97,341.22,150.06,optimal
60.46,71.15,80.6,72.44,stable,77.82,6,3547.7,19.61,426.87,150.26,optimal
30.02,94.57,39.73,40.61,declining,77.7,6,4427.3,56.16,567.39,118.31,overtraining
27.69,91.39,35.66,38.92,declining,68.76,7,5431.1,55.82,639.74,107.68,overtraining
61.62,68.31,80.67,70.0,improving,80.43,4,3273.9,20.49,273.25,150.43,optimal
36.41,25.81,42.35,57.02,declining,16,2,1045.4,11.09,51.61,73.02,undertraining
35.46,19.07,52.83,39.21,improving,31.11,0,1800,11.59,0,70.32,undertraining
60,77.5,69.24,68.13,improving,81.18,6,3645.4,24.7,465.02,149.32,optimal
62.2,80,82.73,76.25,improving,78.61,5,3316.5,19.0,400,154.85,optimal
60,63.91,79.8,67.04,improving,78.7,6,3987.1,21.07,383.44,145.74,optimal
27.82,93.12,34.24,36.28,declining,75.08,7,4994.3,59.34,651.85,111.35,overtraining
34.33,31.74,34.84,47.57,declining,54.06,2,1706.5,16.64,63.48,101.63,undertraining
28.15,90.67,33.41,41.8,declining,44.33,5,4084.1,52.77,453.35,86.14,overtraining
60,73.41,71.57,68.96,stable,86.93,5,2623.5,22.78,367.06,155.89,optimal
63.83,66.45,88.16,71.55,improving,81.86,5,3499.8,18.91,332.24,153.41,optimal
36.08,38.79,34.57,62,stable,42.36,1,892.8,14.74,38.79,104.36,undertraining
26.97,29.45,23.11,38.39,declining,28.31,2,1076.9,18.14,58.89,66.69,undertraining
64.87,66.81,89.72,72.55,improving,79.78,5,3219.3,18.34,334.03,152.33,optimal
63.25,70.62,80.84,79.5,improving,86.07,4,3182.5,14.47,282.48,165.58,optimal
35.25,22.36,40.04,49.89,stable,26.55,3,1085.5,11.21,67.09,76.44,undertraining
63.96,76.81,86.07,73.03,stable,90.68,4,3433.3,20.71,307.23,163.71,optimal
63.11,74.27,81.54,80.94,improving,76.22,5,3790.2,14.16,371.33,157.16,optimal
28.92,91.76,30.17,52,declining,56.38,5,4443.2,44.04,458.78,108.38,overtraining
36.93,29.3,56.69,31.41,improving,46.8,3,833.7,20.09,87.89,78.22,undertraining
27.49,93.8,33.15,37.73,declining,69.23,6,3000,58.41,562.77,106.95,overtraining
34.74,85,54.72,38.84,declining,75.37,7,4445.0,51.99,595,114.21,overtraining
28.59,97.65,56,14.81,declining,65.31,7,4765.0,83.19,683.56,80.12,overtraining
60.72,76.42,72.34,77.64,improving,88.09,5,2511.0,17.08,382.09,165.74,optimal
65.12,71.28,84.8,78.29,stable,90.54,5,3401.2,15.48,356.41,168.83,optimal
28.6,48.72,41.77,33.57,declining,16,3,1014.2,32.36,146.15,49.57,undertraining
60,60.26,72.31,73.27,stable,70,5,3469.8,16.11,301.32,143.27,optimal
33.63,94.07,49.45,40.76,declining,73.41,7,3715.9,55.73,658.47,114.16,overtraining
60.07,73.57,77.11,73.96,stable,74.89,5,2270.4,19.16,367.84,148.86,optimal
61.93,64.46,85.42,69.01,stable,70,4,3237.9,19.98,257.84,139.01,optimal
66.59,66.19,87.7,82.2,stable,84.19,6,2995.1,14,397.17,166.39,optimal
33.7,15.76,51.29,40.64,stable,16.04,2,516.9,9.35,31.52,56.68,undertraining
65.42,67.28,89.59,74.8,improving,86.72,6,3390.8,16.96,403.7,161.52,optimal
29.74,31.74,33.2,33.24,declining,43.36,2,829.6,21.19,63.47,76.6,undertraining
26.87,88.96,34.02,32.53,declining,75.66,6,4654.7,60.02,533.77,108.19,overtraining
60.27,65.27,71.4,75.06,improving,74.63,5,2875.9,16.28,326.36,149.69,optimal
37.23,13.44,44.74,49.47,stable,24.9,1,975.8,6.79,13.44,74.37,undertraining
60,73.2,82.18,68.36,improving,70,6,2780.8,23.16,439.22,138.36,optimal
24.27,98.9,38.16,28.41,declining,44.45,7,4860.6,70.8,692.29,72.86,overtraining
60,60,69.16,70.79,stable,83.16,5,3049.4,17.52,300,153.96,optimal
64.19,78.16,76.33,86.79,improving,85.29,5,2709.4,14,390.78,172.07,optimal
60,74.84,71.08,71.32,improving,73.98,5,3000.7,21.46,374.18,145.3,optimal
61.79,75.16,80.29,80.22,improving,75.23,5,3053.2,14.86,375.78,155.45,optimal
26.67,98.05,32.97,41.32,declining,54.11,7,5291.7,57.54,686.36,95.43,overtraining
63.1,75.5,82.05,81.97,stable,73.03,5,2743.3,14,377.49,155.0,optimal
62.1,67.3,66.28,86.12,improving,81.97,6,3122.0,14,403.83,168.1,optimal
21.55,90.15,24.7,19.59,declining,72.57,6,4196.6,72.49,540.9,92.16,overtraining
30.15,11.02,33.3,30.55,stable,51.17,0,1216.7,7.65,0,81.72,undertraining
62.05,75.52,81.89,78.69,improving,77.95,5,3175.7,16.09,377.6,156.64,optimal
19.64,89.54,26.86,16.11,declining,67.76,6,4693.9,75.11,537.23,83.87,overtraining
61.92,71.22,80.21,79.32,improving,76.14,5,3260.1,14.73,356.08,155.46,optimal
26.1,36.41,30.99,26.48,stable,42.51,3,813.9,26.77,109.22,68.99,undertraining
28.74,36.77,43.21,24,stable,60,3,1371.8,27.94,110.3,84,undertraining
26.23,89.71,40.61,28.34,declining,49.83,7,5105.8,64.29,628.0,78.17,overtraining
34.36,34.95,45.79,41.1,declining,38.47,2,1139.6,20.58,69.89,79.57,undertraining
63.01,65.91,76.61,78.89,improving,85.35,5,2329.8,14,329.56,164.24,optimal
38.43,27.85,51.1,51.14,declining,18.37,0,815.4,13.61,0,69.51,undertraining
24.61,86.98,25.13,30.77,declining,75.99,6,5215.4,60.22,521.9,106.76,overtraining
24.12,94.77,34.4,28.84,declining,63.24,6,4294.9,67.44,568.6,92.08,overtraining
66.96,67.94,95,73.01,stable,80.51,4,3466.3,18.34,271.75,153.52,optimal
64.72,63.73,83.26,80.16,stable,77.03,4,3489.3,14,254.93,157.19,optimal
39.08,11.11,38.13,57.3,improving,44.69,0,1163.9,4.74,0,101.99,undertraining
63.91,60.36,71.48,81.45,stable,84.44,4,2260.6,14,241.45,165.89,optimal
32.39,26.34,43.44,29.15,declining,44.83,0,317.9,18.66,0,73.98,undertraining
66.89,65.03,90.42,72.25,stable,89.05,5,2980.5,18.05,325.15,161.3,optimal
70.37,63.38,85.32,89.9,improving,91.7,5,3064.6,14,316.89,181.59,optimal
37.94,24.86,55.5,35.85,stable,44.99,2,1445.4,15.95,49.73,80.84,undertraining
28.71,18.24,26.26,46.9,stable,17.76,2,894.8,9.68,36.47,64.66,undertraining
25.99,93.3,36.18,25.42,declining,78.17,5,4797.3,69.58,466.48,103.59,overtraining
31.73,27.83,33.61,42.47,improving,30.81,2,1119.4,16.01,55.66,73.29,undertraining
37.57,35.62,44.36,58.08,stable,48.94,1,848.5,14.93,35.62,107.02,undertraining
27.97,89.16,44.04,29.32,declining,77.38,6,4939.7,63.01,534.95,106.7,overtraining
34.49,22.79,43.77,36.7,declining,58.64,0,742.7,14.42,0,95.33,undertraining
63.63,66.01,86.92,68.8,stable,84.62,5,3297.3,20.59,330.03,153.43,optimal
23.42,97.22,24.06,29.48,declining,75.18,7,3783.8,68.56,680.52,104.66,overtraining
33.35,28.05,45.19,39.43,declining,20.04,1,1390.6,16.99,28.05,59.47,undertraining
62.07,66.8,74.83,75.42,stable,87.68,4,3293.4,16.42,267.19,163.09,optimal
63.99,73.7,81.62,79.95,improving,75.66,5,3709.3,14.78,368.52,155.6,optimal
60,71.34,77.24,72.49,improving,88.61,4,2823.0,19.63,285.38,161.1,optimal
61.85,74.75,81.73,76.98,improving,79.66,5,2046.3,17.21,373.75,156.64,optimal
33.17,39.02,39.22,47.71,stable,38.23,3,839.2,20.4,117.05,85.94,undertraining
28.94,98.49,40.35,43.96,declining,57.39,7,4924.9,55.2,689.45,101.35,overtraining
65.74,71.4,91.88,78.58,improving,81.85,5,4183.5,15.29,357.01,160.43,optimal
26.28,88.16,41.12,27.17,declining,68.24,6,4229.0,64.21,528.95,95.41,overtraining
61.52,77.98,81.91,74.77,improving,84.1,5,2455.0,19.67,389.9,158.87,optimal
63.02,65.61,83.99,73.98,improving,79.35,5,2575.6,17.07,328.04,153.33,optimal
32.23,29.69,35.29,40.88,improving,44.43,3,809.4,17.55,89.06,85.31,undertraining
34.92,10,48.08,38.67,stable,49.79,3,1671.2,6.13,30,88.47,undertraining
33.47,21.74,37.69,44.01,stable,48.83,2,1451.6,12.17,43.48,92.84,undertraining
39.34,21.3,51.03,51.29,stable,37.11,2,969.3,10.38,42.61,88.39,undertraining
30.08,89.23,49.89,23.27,declining,72.15,5,5033.8,68.47,446.16,95.41,overtraining
40.68,18.92,46.52,49.9,improving,54.72,2,1446.6,9.48,37.83,104.62,undertraining
38.16,36.87,48.24,60.79,improving,28.72,0,1016.8,14.45,0,89.52,undertraining
67.94,62.17,81.77,92,improving,70,5,3004.9,14,310.87,162,optimal
34.83,30.76,55.88,35.04,declining,34.58,2,1081.9,19.98,61.51,69.62,undertraining
28.47,89.74,36.16,43.94,declining,50.56,6,4611.3,50.31,538.43,94.5,overtraining
31.7,36.26,37.58,44.02,improving,36.06,3,555.5,20.3,108.78,80.08,undertraining
61.28,72.11,74.39,77.44,improving,94.74,5,3513.2,16.27,360.55,172.17,optimal
60,77.68,70.86,74.62,improving,87.16,5,2488.5,19.72,388.41,161.77,optimal
35.59,25.59,48.17,43.48,declining,35.04,1,1197.8,14.46,25.59,78.52,undertraining
33.07,39.95,40.95,42.9,stable,31.73,1,699.7,22.81,39.95,74.63,undertraining
60,75.26,77.81,70.62,stable,70,5,2000,22.11,376.28,140.62,optimal
36.28,40.69,50.01,44.67,declining,32.58,1,810.6,22.51,40.69,77.25,undertraining
23.53,96.68,20.79,31.13,declining,62.42,6,5458.9,66.59,580.09,93.55,overtraining
31.27,91.65,41.15,42.11,declining,59.11,5,4675.1,53.06,458.27,101.22,overtraining
26.86,99.7,37.37,38.22,declining,67.21,6,5209.7,61.6,598.21,105.43,overtraining
31.07,38.7,36.48,42.31,declining,43.07,2,1454.2,22.33,77.4,85.39,undertraining
60.39,79.69,69.02,80.09,improving,90.27,5,3486.2,15.87,398.45,170.36,optimal
36.63,19.54,51.14,37.01,stable,47.65,2,984.6,12.31,39.09,84.67,undertraining
20.62,93.41,17.03,31.35,declining,57.99,6,4938.6,64.12,560.44,89.34,overtraining
26.24,89.88,40.85,24.59,stable,61.63,5,4582.3,67.78,449.42,86.22,overtraining
34.94,20.94,41.69,43.27,declining,46.21,2,449.8,11.88,41.88,89.49,undertraining
61.33,65.09,63.81,83.87,improving,88.55,5,3683.1,14,325.46,172.42,optimal
60.71,60,76.27,74.63,stable,83.51,4,2566.8,15.22,240,158.14,optimal
24.94,88.8,34.65,24.74,declining,73.01,5,4346.2,66.84,444.02,97.75,overtraining
35.06,30.86,42.41,42.02,stable,39.04,1,1084.7,17.89,30.86,81.07,undertraining
39.25,11.73,49.82,50.57,declining,37.3,1,550.0,5.8,11.73,87.87,undertraining
21.32,89.14,29.74,20.42,declining,78.19,7,3659.7,70.94,623.98,98.61,overtraining
28.06,90.61,42.73,30.78,declining,49.03,7,4173.9,62.72,634.27,79.8,overtraining
31.61,36.03,26.89,47.08,stable,28.81,2,1017.3,19.06,72.05,75.89,undertraining
64.28,71.78,88.75,77.87,improving,70,5,3004.6,15.88,358.89,147.87,optimal
64.63,72.45,84.8,74.22,improving,82.1,4,2347.1,18.68,289.8,156.32,optimal
64.3,60.14,79.94,76.01,improving,88.93,5,2439.1,14.43,300.7,164.94,optimal
25.17,85,29.48,29.31,declining,80.57,5,4277.8,60.09,425,109.88,overtraining
32.1,29.41,32.9,44.35,stable,51.22,2,933.3,16.37,58.81,95.57,undertraining
62.18,68.95,80.99,73.12,improving,88.62,5,3343.4,18.54,344.76,161.74,optimal
65.52,68.29,89.2,77.91,improving,79.76,5,3314.3,15.08,341.44,157.67,optimal
36.91,15.85,37.46,47.74,stable,53.55,2,1194.8,8.28,31.69,101.29,undertraining
63.49,73.08,77.39,85.16,improving,81.16,4,3946.7,14,292.34,166.33,optimal
32.49,41.92,35.79,34.78,improving,58.91,2,660.7,27.34,83.83,93.69,undertraining
38.52,31.73,44.17,55.51,stable,34.07,3,760.0,14.12,95.18,89.58,undertraining
24.09,92.93,22.65,32.17,stable,82,6,4579.4,63.04,557.56,114.17,overtraining
65.76,67.52,81.85,80.4,improving,94.42,4,2900.6,14,270.08,174.82,optimal
64.79,75.0,85.47,81.45,improving,83.72,4,3032.5,14,299.98,165.16,optimal
37.65,27.02,41.75,62,declining,28.39,1,975.5,10.27,27.02,90.39,undertraining
29.68,34.82,35.88,34.75,stable,44.56,1,1224.0,22.72,34.82,79.3,undertraining
34.65,19.97,37.97,46.54,declining,38.52,1,1139.9,10.68,19.97,85.06,undertraining
60,70.78,69.37,74.52,stable,78.86,4,3774.7,18.03,283.13,153.38,optimal
60,70.64,71.33,74.35,improving,85.17,4,3226.6,18.12,282.55,159.52,optimal
60.11,72.29,73.9,74.42,improving,85.85,6,2379.4,18.49,433.74,160.27,optimal
65.39,68.59,84.58,77.25,improving,91.22,4,3093.6,15.6,274.38,168.48,optimal
63.62,67.68,77.76,81.06,improving,86.66,6,2747.0,14,406.07,167.72,optimal
34.18,34.33,37.8,45.46,stable,52.88,1,1025.0,18.73,34.33,98.34,undertraining
33.65,44.1,41.23,41.83,declining,42.35,1,1405.8,25.65,44.1,84.18,undertraining
33.69,23.39,43.87,40.63,stable,37.4,1,1020.3,13.89,23.39,78.03,undertraining
61.87,76.16,72.98,83.32,stable,92.5,4,3179.1,14,304.65,175.82,optimal
26.54,95.74,34.51,34.27,declining,58.42,6,5059.2,62.93,574.44,92.69,overtraining
29.51,92.24,44.0,29.6,declining,78.84,6,5689.7,64.94,553.46,108.44,overtraining
26.21,100,42.8,29.59,declining,62.41,7,5230.0,70.41,700,92.0,overtraining
27.11,89.83,38.82,32.58,declining,64.57,5,4376.1,60.57,449.17,97.14,overtraining
24.01,94.4,49.93,14,declining,65.09,5,4781.2,81.18,472.0,79.09,overtraining
22.14,97.15,41.54,19.68,stable,42,6,5092.2,78.03,582.88,61.68,overtraining
24.97,93.03,35.14,25.2,declining,60.27,6,4793.6,69.59,558.21,85.47,overtraining
30.69,30.17,21.02,47.42,stable,59.79,1,643.5,15.87,30.17,107.21,undertraining
37.34,28.59,48.89,46.42,declining,48.22,1,1048.9,15.31,28.59,94.65,undertraining
30.05,21.1,21.42,44.74,improving,44.02,2,1049.6,11.66,42.2,88.76,undertraining
29.52,39.31,32.65,34.99,stable,50.7,3,812.5,25.56,117.94,85.69,undertraining
27.45,23.4,27.17,34.13,stable,26.53,1,1486.1,15.41,23.4,60.66,undertraining
28.98,28.54,30.04,34.86,declining,57.04,2,1216.4,18.59,57.09,91.9,undertraining
29.0,94.7,43.12,39.24,stable,50.48,5,5161.5,57.55,473.51,89.72,overtraining
34.51,30.96,41.76,40.51,stable,41.58,3,567.8,18.42,92.87,82.08,undertraining
60,61.52,79.49,67.37,improving,73.23,5,2650.2,20.08,307.6,140.6,optimal
60.89,70.71,84.98,68.04,improving,70.59,5,3521.0,22.6,353.55,138.63,optimal
40.98,17.43,48.86,62,stable,19.73,0,660.5,6.62,0,81.73,undertraining
36.15,23.69,38.6,51.52,declining,48.39,3,1419.3,11.48,71.06,99.91,undertraining
67.14,71.36,85.67,86.34,improving,80.36,5,3871.9,14,356.8,166.71,optimal
60,66.21,66.75,75.12,improving,79.66,4,2629.6,16.47,264.83,154.78,optimal
21.59,88.52,16,30.34,stable,65.87,7,4126.4,61.66,619.62,96.21,overtraining
39.5,40.29,41.9,62,declining,55.1,2,1191.0,15.31,80.58,117.1,undertraining
23.9,91.95,24.57,30.97,stable,74.41,7,3692.9,63.47,643.67,105.38,overtraining
21.77,100,24.24,29.37,declining,71.89,6,4793.4,70.63,600,101.26,overtraining
29.51,97.94,38.26,37.15,stable,82,6,4931.1,61.55,587.62,119.15,overtraining
61.84,70.4,74.11,80.07,improving,81.77,6,2951.1,14.03,422.41,161.84,optimal
36.98,34.86,37.14,58.2,stable,42.83,1,852.2,14.57,34.86,101.03,undertraining
60.69,61.48,71.28,71.2,stable,93.73,5,3377.9,17.71,307.4,164.93,optimal
60,69.04,77.15,66.61,improving,88.64,5,3520.6,23.05,345.22,155.25,optimal
61.91,74.27,83.08,79.59,improving,73.84,5,3243.4,15.16,371.36,153.42,optimal
40.89,12.18,46.77,57.59,stable,51.75,2,706.2,5.17,24.36,109.34,undertraining
31.12,36.16,33.81,39.52,stable,43.32,3,750.5,21.87,108.49,82.83,undertraining
39.05,21.84,46.25,45.44,stable,58.36,0,1164.3,11.91,0,103.81,undertraining
60,66.59,72.95,72.54,improving,82.53,5,2585.0,18.29,332.97,155.07,optimal
26.23,94.07,39.97,32.08,declining,63.32,5,3466.8,63.89,470.35,95.4,overtraining
60,74.82,69.5,76.08,improving,81.27,4,3217.2,17.9,299.26,157.35,optimal
35.44,28.58,47.52,42.1,declining,34.99,3,1478.1,16.55,85.75,77.09,undertraining
31.58,30.3,44.74,36.95,improving,21.94,1,664.1,19.11,30.3,58.89,undertraining
29.73,95.59,38.14,49.33,declining,70.47,5,3798.0,48.44,477.97,119.8,overtraining
60.64,80,80.91,74.47,improving,80.67,4,2806.1,20.43,320,155.14,optimal
60,68.44,63.7,62.96,improving,83.3,5,2569.2,25.35,342.2,146.25,optimal
21.84,91.58,23.64,25.62,declining,70.64,7,4057.0,68.12,641.08,96.27,overtraining
60,61.83,65.43,73.1,improving,88.82,5,2511.8,16.64,309.16,161.92,optimal
33.9,38.68,48.44,31.15,declining,60,0,1366.7,26.63,0,91.15,undertraining
64.0,67.87,82.54,81.02,improving,81.51,5,3480.1,14,339.35,162.53,optimal
65.08,80,78.31,85.62,stable,92.11,5,2978.4,14,400,177.73,optimal
30.48,24.3,42.69,27.65,declining,34.23,1,1462.0,17.58,24.3,61.88,undertraining
21.91,88.05,38.73,16.14,stable,45.91,6,4994.1,73.83,528.29,62.06,overtraining
34.04,85,43.54,45.93,stable,61.92,7,3970.9,45.96,595,107.85,overtraining
25.63,99.42,28.98,34.6,declining,66.81,6,4087.2,65.02,596.52,101.41,overtraining
32.51,30.42,46.92,34.01,stable,38.73,1,1069.7,20.08,30.42,72.74,undertraining
27.6,25.17,20,40.72,stable,33.42,3,938.7,14.92,75.52,74.14,undertraining
31.27,33.54,41.99,34.96,stable,35.12,2,843.1,21.82,67.08,70.08,undertraining
